elapsed,mq2,mq135,mq4,humidity,tempC,food_type,label
01:50:27,559,395,803,88.30,30.20,Nasi Putih,fresh
01:50:57,560,395,809,100.00,30.80,Nasi Putih,fresh
01:51:27,560,398,772,100.00,30.90,Nasi Putih,fresh
01:51:57,573,389,816,100.00,31.00,Nasi Putih,fresh
01:52:27,570,400,813,100.00,31.00,Nasi Putih,fresh
01:52:57,571,413,807,100.00,31.10,Nasi Putih,fresh
01:53:27,575,401,816,100.00,31.10,Nasi Putih,fresh
01:53:57,576,400,816,100.00,31.20,Nasi Putih,fresh
01:54:27,576,400,825,100.00,31.20,Nasi Putih,fresh
01:54:57,570,401,815,100.00,31.20,Nasi Putih,fresh
01:55:27,571,398,815,100.00,31.30,Nasi Putih,fresh
01:55:57,572,400,816,100.00,31.30,Nasi Putih,fresh
01:51:27,560,386,816,100.00,31.30,Nasi Putih,fresh
01:56:57,572,400,824,100.00,31.40,Nasi Putih,fresh
01:57:27,554,402,810,100.00,31.40,Nasi Putih,fresh
01:57:57,565,400,815,100.00,31.40,Nasi Putih,fresh
01:58:27,576,395,809,100.00,31.40,Nasi Putih,fresh
01:58:57,573,400,813,100.00,31.50,Nasi Putih,fresh
01:59:27,567,396,813,100.00,31.50,Nasi Putih,fresh
01:59:57,563,398,807,100.00,31.50,Nasi Putih,fresh
02:00:27,567,397,810,100.00,31.50,Nasi Putih,fresh
02:00:57,563,402,812,100.00,31.50,Nasi Putih,fresh
02:01:27,567,399,807,100.00,31.50,Nasi Putih,fresh
02:01:57,562,400,807,100.00,31.50,Nasi Putih,fresh
02:02:27,563,394,807,100.00,31.50,Nasi Putih,fresh
02:02:57,560,400,806,100.00,31.50,Nasi Putih,fresh
02:03:27,561,398,806,100.00,31.60,Nasi Putih,fresh
02:03:57,560,400,804,100.00,31.60,Nasi Putih,fresh
02:04:27,562,393,791,100.00,31.60,Nasi Putih,fresh
02:04:57,562,396,799,100.00,31.60,Nasi Putih,fresh
02:05:27,560,400,805,100.00,31.60,Nasi Putih,fresh
02:05:57,560,400,798,100.00,31.60,Nasi Putih,fresh
02:06:27,558,398,801,100.00,31.60,Nasi Putih,fresh
02:06:57,558,399,799,100.00,31.60,Nasi Putih,fresh
02:07:27,531,400,800,100.00,31.70,Nasi Putih,fresh
02:07:57,559,403,790,100.00,31.70,Nasi Putih,fresh
02:08:27,560,407,784,100.00,31.70,Nasi Putih,fresh
02:08:57,560,396,794,100.00,31.70,Nasi Putih,fresh
02:09:27,558,400,797,100.00,31.70,Nasi Putih,fresh
02:09:57,595,395,795,100.00,31.70,Nasi Putih,fresh
02:10:27,558,398,798,100.00,31.70,Nasi Putih,fresh
02:10:57,558,400,788,100.00,31.70,Nasi Putih,fresh
02:11:27,560,398,791,100.00,31.80,Nasi Putih,fresh
02:11:57,558,398,789,100.00,31.80,Nasi Putih,fresh
02:12:27,575,400,797,100.00,31.80,Nasi Putih,fresh
01:56:17,548,398,794,100.00,31.80,Nasi Putih,fresh
02:13:27,560,400,789,100.00,31.90,Nasi Putih,fresh
02:13:57,560,400,805,100.00,31.90,Nasi Putih,fresh
02:14:27,560,406,794,100.00,31.90,Nasi Putih,fresh
02:14:57,559,399,789,100.00,31.90,Nasi Putih,fresh
02:15:27,557,399,781,100.00,31.90,Nasi Putih,fresh
02:15:57,558,400,784,100.00,31.90,Nasi Putih,fresh
02:16:27,555,394,784,100.00,31.90,Nasi Putih,fresh
02:16:57,555,398,784,100.00,31.90,Nasi Putih,fresh
02:17:27,560,400,786,100.00,31.90,Nasi Putih,fresh
02:17:57,560,400,795,100.00,31.90,Nasi Putih,fresh
02:18:27,560,407,791,100.00,31.90,Nasi Putih,fresh
02:18:57,558,402,788,100.00,31.90,Nasi Putih,fresh
02:19:27,560,407,787,100.00,31.80,Nasi Putih,fresh
02:19:57,557,400,789,100.00,31.80,Nasi Putih,fresh
02:20:27,560,403,793,100.00,31.80,Nasi Putih,fresh
02:20:57,561,400,781,100.00,31.80,Nasi Putih,fresh
02:21:27,571,402,785,100.00,31.80,Nasi Putih,fresh
02:21:57,559,410,778,100.00,31.80,Nasi Putih,fresh
02:22:27,553,398,786,100.00,31.80,Nasi Putih,fresh
02:22:57,560,400,784,100.00,31.80,Nasi Putih,fresh
02:23:27,556,401,784,100.00,31.80,Nasi Putih,fresh
02:23:57,554,401,787,100.00,31.80,Nasi Putih,fresh
02:24:27,557,400,785,100.00,31.80,Nasi Putih,fresh
02:24:57,556,400,787,100.00,31.80,Nasi Putih,fresh
02:25:27,554,405,782,100.00,31.80,Nasi Putih,fresh
02:25:57,559,400,785,100.00,31.80,Nasi Putih,fresh
02:26:27,551,403,786,100.00,31.80,Nasi Putih,fresh
02:26:57,546,408,777,100.00,31.80,Nasi Putih,fresh
02:27:27,559,443,780,100.00,31.80,Nasi Putih,fresh
02:27:57,544,400,783,100.00,31.80,Nasi Putih,fresh
02:28:27,555,400,788,100.00,31.80,Nasi Putih,fresh
02:28:57,551,400,785,100.00,31.80,Nasi Putih,fresh
02:29:27,550,400,784,100.00,31.80,Nasi Putih,fresh
02:29:57,550,400,786,100.00,31.80,Nasi Putih,fresh
02:30:27,553,400,784,100.00,31.90,Nasi Putih,fresh
02:30:57,555,413,785,100.00,31.90,Nasi Putih,fresh
02:31:27,557,402,784,100.00,31.90,Nasi Putih,fresh
02:31:57,557,400,784,100.00,31.90,Nasi Putih,fresh
02:32:27,553,400,783,100.00,31.90,Nasi Putih,fresh
02:32:57,558,402,783,100.00,31.90,Nasi Putih,fresh
01:50:07,554,398,781,100.00,31.90,Nasi Putih,fresh
02:33:57,553,403,783,100.00,31.90,Nasi Putih,fresh
02:34:27,554,400,780,100.00,31.90,Nasi Putih,fresh
02:34:57,560,411,784,100.00,31.90,Nasi Putih,fresh
02:35:27,555,400,781,100.00,31.90,Nasi Putih,fresh
02:35:57,561,401,782,100.00,31.90,Nasi Putih,fresh
02:36:27,555,400,773,100.00,31.90,Nasi Putih,fresh
02:36:57,549,400,781,100.00,31.90,Nasi Putih,fresh
02:37:27,543,411,779,100.00,31.90,Nasi Putih,fresh
02:37:57,550,400,784,100.00,31.90,Nasi Putih,fresh
01:50:07,553,401,781,100.00,31.90,Nasi Putih,fresh
02:38:57,553,401,779,100.00,31.80,Nasi Putih,fresh
02:39:27,548,400,778,100.00,31.90,Nasi Putih,fresh
02:39:57,555,400,782,100.00,31.80,Nasi Putih,fresh
02:40:27,551,398,781,100.00,31.80,Nasi Putih,fresh
02:40:57,542,398,774,100.00,31.80,Nasi Putih,fresh
02:41:27,550,399,782,100.00,31.80,Nasi Putih,fresh
02:41:57,556,400,778,100.00,31.80,Nasi Putih,fresh
02:42:27,554,400,778,100.00,31.80,Nasi Putih,fresh
02:42:57,554,384,778,100.00,31.80,Nasi Putih,fresh
02:43:27,550,400,769,100.00,31.80,Nasi Putih,fresh
02:43:57,549,396,779,100.00,31.80,Nasi Putih,fresh
01:51:07,553,400,787,100.00,31.80,Nasi Putih,fresh
02:44:57,546,399,767,100.00,31.80,Nasi Putih,fresh
02:45:27,548,400,780,100.00,31.80,Nasi Putih,fresh
02:45:57,550,400,779,100.00,31.80,Nasi Putih,fresh
02:46:27,566,391,764,100.00,31.80,Nasi Putih,fresh
02:46:57,548,399,779,100.00,31.80,Nasi Putih,fresh
02:47:27,554,399,782,100.00,31.80,Nasi Putih,fresh
02:47:57,560,401,769,100.00,31.80,Nasi Putih,fresh
02:48:27,539,400,777,100.00,31.80,Nasi Putih,fresh
01:58:57,561,404,775,100.00,31.80,Nasi Putih,fresh
02:49:27,552,397,775,100.00,31.80,Nasi Putih,fresh
02:49:57,551,400,773,100.00,31.80,Nasi Putih,fresh
02:50:27,553,400,773,100.00,31.80,Nasi Putih,fresh
02:50:57,556,400,777,100.00,31.80,Nasi Putih,fresh
02:51:27,558,389,775,100.00,31.80,Nasi Putih,fresh
02:01:57,555,400,774,100.00,31.80,Nasi Putih,fresh
02:52:27,551,400,779,100.00,31.80,Nasi Putih,fresh
02:52:57,547,398,774,100.00,31.80,Nasi Putih,fresh
02:53:27,546,400,777,100.00,31.80,Nasi Putih,fresh
02:53:57,550,399,780,100.00,31.80,Nasi Putih,fresh
02:54:27,545,401,773,100.00,31.80,Nasi Putih,fresh
02:54:57,558,385,781,100.00,31.80,Nasi Putih,fresh
02:55:27,552,398,770,100.00,31.80,Nasi Putih,fresh
02:55:57,557,398,771,100.00,31.80,Nasi Putih,fresh
02:56:27,555,397,770,100.00,31.80,Nasi Putih,fresh
02:56:57,549,400,775,100.00,31.80,Nasi Putih,fresh
02:57:27,546,399,774,100.00,31.80,Nasi Putih,fresh
02:57:57,551,400,765,100.00,31.80,Nasi Putih,fresh
02:58:27,553,395,772,100.00,31.80,Nasi Putih,fresh
02:58:57,557,397,777,100.00,31.80,Nasi Putih,fresh
02:59:27,546,400,771,100.00,31.80,Nasi Putih,fresh
02:59:57,551,397,774,100.00,31.80,Nasi Putih,fresh
03:00:27,553,400,778,100.00,31.80,Nasi Putih,fresh
03:00:57,559,396,762,100.00,31.80,Nasi Putih,fresh
03:01:27,551,398,771,100.00,31.80,Nasi Putih,fresh
03:01:57,550,403,761,100.00,31.80,Nasi Putih,fresh
03:02:27,548,398,776,100.00,31.80,Nasi Putih,fresh
03:02:57,546,398,771,100.00,31.80,Nasi Putih,fresh
03:03:27,549,400,771,100.00,31.80,Nasi Putih,fresh
03:03:57,549,400,777,100.00,31.80,Nasi Putih,fresh
03:04:27,548,397,771,100.00,31.80,Nasi Putih,fresh
03:04:57,549,399,778,100.00,31.80,Nasi Putih,fresh
03:05:27,550,394,772,100.00,31.80,Nasi Putih,fresh
03:05:57,551,391,787,100.00,31.80,Nasi Putih,fresh
01:51:27,548,393,768,100.00,31.80,Nasi Putih,fresh
03:06:57,547,400,764,100.00,31.80,Nasi Putih,fresh
03:07:27,546,395,774,100.00,31.90,Nasi Putih,fresh
03:07:57,541,390,771,100.00,31.80,Nasi Putih,fresh
03:08:27,546,394,771,100.00,31.90,Nasi Putih,fresh
03:08:57,533,399,769,100.00,31.90,Nasi Putih,fresh
03:09:27,546,397,772,100.00,31.90,Nasi Putih,fresh
03:09:57,548,388,771,100.00,31.90,Nasi Putih,fresh
02:03:47,554,393,771,100.00,31.90,Nasi Putih,fresh
03:10:57,544,393,770,100.00,31.90,Nasi Putih,fresh
03:11:27,551,395,771,100.00,31.90,Nasi Putih,fresh
03:11:57,493,400,780,100.00,31.90,Nasi Putih,fresh
03:12:27,542,398,769,100.00,31.90,Nasi Putih,fresh
01:50:00,549,398,770,100.00,31.90,Nasi Putih,fresh
01:50:07,550,391,766,100.00,31.90,Nasi Putih,fresh
03:13:57,552,393,770,100.00,31.90,Nasi Putih,fresh
03:14:27,551,395,771,100.00,31.90,Nasi Putih,fresh
03:14:57,551,390,751,100.00,31.90,Nasi Putih,fresh
03:15:27,557,394,773,100.00,31.90,Nasi Putih,fresh
03:15:57,547,391,766,100.00,31.90,Nasi Putih,fresh
03:16:27,550,391,766,100.00,31.90,Nasi Putih,fresh
03:16:57,547,390,778,100.00,31.90,Nasi Putih,fresh
03:17:27,547,396,770,100.00,31.90,Nasi Putih,fresh
03:17:57,549,389,778,100.00,31.90,Nasi Putih,fresh
03:18:27,549,394,780,100.00,31.90,Nasi Putih,fresh
03:18:57,575,399,757,100.00,31.90,Nasi Putih,fresh
03:19:27,544,399,774,100.00,31.90,Nasi Putih,fresh
03:19:57,545,392,769,100.00,31.90,Nasi Putih,fresh
01:50:27,559,390,773,100.00,31.90,Nasi Putih,fresh
03:20:57,549,389,771,100.00,31.90,Nasi Putih,fresh
03:21:27,544,393,769,100.00,31.90,Nasi Putih,fresh
03:21:57,545,388,773,100.00,31.90,Nasi Putih,fresh
03:22:27,545,400,757,100.00,31.90,Nasi Putih,fresh
03:22:57,546,392,769,100.00,31.90,Nasi Putih,fresh
03:23:27,545,387,768,100.00,31.90,Nasi Putih,fresh
03:23:57,538,380,729,100.00,31.90,Nasi Putih,fresh
03:24:27,542,388,766,100.00,31.90,Nasi Putih,fresh
03:24:57,546,395,769,100.00,31.90,Nasi Putih,fresh
03:25:27,546,390,769,100.00,31.90,Nasi Putih,fresh
03:25:57,555,387,754,100.00,31.90,Nasi Putih,fresh
03:26:27,538,391,766,100.00,31.90,Nasi Putih,fresh
03:26:57,543,386,768,100.00,31.90,Nasi Putih,fresh
03:27:27,549,391,765,100.00,31.90,Nasi Putih,fresh
03:27:57,545,386,775,100.00,31.90,Nasi Putih,fresh
03:28:27,548,389,765,100.00,31.90,Nasi Putih,fresh
03:28:57,545,391,768,100.00,31.90,Nasi Putih,fresh
03:29:27,546,394,758,100.00,31.90,Nasi Putih,fresh
03:29:57,550,387,797,100.00,32.00,Nasi Putih,fresh
03:30:27,549,391,766,100.00,31.90,Nasi Putih,fresh
03:30:57,541,390,766,100.00,31.90,Nasi Putih,fresh
03:31:27,541,388,765,100.00,32.00,Nasi Putih,fresh
03:31:57,545,390,767,100.00,32.00,Nasi Putih,fresh
03:32:27,544,393,771,100.00,32.00,Nasi Putih,fresh
03:32:57,542,389,765,100.00,32.00,Nasi Putih,fresh
03:33:27,542,390,768,100.00,32.00,Nasi Putih,fresh
03:33:57,543,395,758,100.00,32.00,Nasi Putih,fresh
03:34:27,543,381,768,100.00,32.00,Nasi Putih,fresh
03:34:57,545,391,768,100.00,32.00,Nasi Putih,fresh
03:35:27,547,384,763,100.00,32.00,Nasi Putih,fresh
03:35:57,541,391,765,100.00,32.00,Nasi Putih,fresh
03:36:27,541,388,765,100.00,32.00,Nasi Putih,fresh
03:36:57,541,391,763,100.00,32.00,Nasi Putih,fresh
03:37:27,544,390,768,100.00,32.00,Nasi Putih,fresh
03:37:57,549,389,765,100.00,32.00,Nasi Putih,fresh
03:38:27,530,390,765,100.00,32.00,Nasi Putih,fresh
03:38:57,546,389,765,100.00,32.00,Nasi Putih,fresh
03:39:27,545,391,763,100.00,32.00,Nasi Putih,fresh
03:39:57,547,389,766,100.00,32.00,Nasi Putih,fresh
03:40:27,541,390,767,100.00,32.00,Nasi Putih,fresh
03:40:57,544,387,768,100.00,32.00,Nasi Putih,fresh
03:41:27,563,393,767,100.00,32.00,Nasi Putih,fresh
03:41:57,539,371,767,100.00,32.00,Nasi Putih,fresh
03:42:27,547,391,767,100.00,32.00,Nasi Putih,fresh
03:42:57,545,384,768,100.00,32.00,Nasi Putih,fresh
02:03:27,544,399,771,100.00,32.00,Nasi Putih,fresh
03:43:57,545,390,765,100.00,32.00,Nasi Putih,fresh
03:44:27,563,383,758,100.00,32.10,Nasi Putih,fresh
03:44:57,543,393,766,100.00,32.10,Nasi Putih,fresh
03:45:27,547,390,766,100.00,32.10,Nasi Putih,fresh
03:45:57,539,393,777,100.00,32.10,Nasi Putih,fresh
01:51:27,534,387,764,100.00,32.10,Nasi Putih,fresh
03:46:57,543,387,766,100.00,32.10,Nasi Putih,fresh
03:47:27,541,388,763,100.00,32.10,Nasi Putih,fresh
03:47:57,530,391,765,100.00,32.10,Nasi Putih,fresh
03:48:27,542,387,752,100.00,32.10,Nasi Putih,fresh
03:48:57,542,393,765,100.00,32.10,Nasi Putih,fresh
03:49:27,543,389,742,100.00,32.10,Nasi Putih,fresh
03:49:57,544,390,766,100.00,32.00,Nasi Putih,fresh
03:50:27,543,388,742,100.00,32.10,Nasi Putih,fresh
03:50:57,503,389,761,100.00,32.10,Nasi Putih,fresh
03:51:27,545,391,762,100.00,32.00,Nasi Putih,fresh
03:51:57,543,386,765,100.00,32.10,Nasi Putih,fresh
03:52:27,539,373,758,100.00,32.10,Nasi Putih,fresh
03:52:57,542,389,763,100.00,32.10,Nasi Putih,fresh
03:53:27,545,390,764,100.00,32.10,Nasi Putih,fresh
03:53:57,544,385,754,100.00,32.10,Nasi Putih,fresh
03:54:27,544,389,766,100.00,32.10,Nasi Putih,fresh
03:54:57,544,400,763,100.00,32.10,Nasi Putih,fresh
03:55:27,545,384,767,100.00,32.10,Nasi Putih,fresh
03:55:57,548,384,767,100.00,32.10,Nasi Putih,fresh
03:56:27,542,390,765,100.00,32.10,Nasi Putih,fresh
03:56:57,544,393,766,100.00,32.10,Nasi Putih,fresh
03:57:27,544,401,769,100.00,32.10,Nasi Putih,fresh
03:57:57,547,397,769,100.00,32.10,Nasi Putih,fresh
03:58:27,548,396,769,100.00,32.10,Nasi Putih,fresh
03:58:57,547,388,770,100.00,32.10,Nasi Putih,fresh
03:59:27,543,375,755,100.00,32.10,Nasi Putih,fresh
03:59:57,550,395,771,100.00,32.10,Nasi Putih,fresh
04:00:27,550,387,770,100.00,32.10,Nasi Putih,fresh
04:00:57,545,390,774,100.00,32.10,Nasi Putih,fresh
04:01:27,548,395,769,100.00,32.10,Nasi Putih,fresh
04:01:57,542,403,743,100.00,32.10,Nasi Putih,fresh
04:02:27,547,407,755,100.00,32.10,Nasi Putih,fresh
04:02:57,549,391,771,100.00,32.10,Nasi Putih,fresh
04:03:27,549,394,771,100.00,32.10,Nasi Putih,fresh
04:03:57,548,398,773,100.00,32.10,Nasi Putih,fresh
04:04:27,555,393,783,100.00,32.10,Nasi Putih,fresh
04:04:57,511,390,758,100.00,32.10,Nasi Putih,fresh
04:05:27,530,391,773,100.00,32.10,Nasi Putih,fresh
04:05:57,550,401,767,100.00,32.10,Nasi Putih,fresh
04:06:27,549,400,771,100.00,32.10,Nasi Putih,fresh
04:06:57,535,392,777,100.00,32.10,Nasi Putih,fresh
04:07:27,559,394,786,100.00,32.10,Nasi Putih,fresh
04:07:57,550,397,753,100.00,32.10,Nasi Putih,fresh
04:08:27,550,400,774,100.00,32.10,Nasi Putih,fresh
04:08:57,548,400,769,100.00,32.10,Nasi Putih,fresh
04:09:27,550,398,773,100.00,32.10,Nasi Putih,fresh
01:51:37,554,393,766,100.00,32.10,Nasi Putih,fresh
04:10:27,560,393,771,100.00,32.10,Nasi Putih,fresh
04:10:57,551,396,778,100.00,32.10,Nasi Putih,fresh
04:11:27,550,396,779,100.00,32.10,Nasi Putih,fresh
04:11:57,550,396,784,100.00,32.10,Nasi Putih,fresh
04:12:27,549,389,779,100.00,32.10,Nasi Putih,fresh
04:12:57,554,398,774,100.00,32.20,Nasi Putih,fresh
04:13:27,554,400,781,100.00,32.20,Nasi Putih,fresh
04:13:57,550,393,772,100.00,32.20,Nasi Putih,fresh
04:14:27,555,391,773,100.00,32.20,Nasi Putih,fresh
04:14:57,560,393,770,100.00,32.20,Nasi Putih,fresh
04:15:27,554,395,811,100.00,32.20,Nasi Putih,fresh
04:15:57,555,398,777,100.00,32.20,Nasi Putih,fresh
04:16:27,556,394,774,100.00,32.20,Nasi Putih,fresh
04:16:57,549,397,794,100.00,32.20,Nasi Putih,fresh
04:17:27,551,400,765,100.00,32.20,Nasi Putih,fresh
04:17:57,555,396,779,100.00,32.20,Nasi Putih,fresh
02:05:07,556,395,779,100.00,32.20,Nasi Putih,fresh
04:18:57,553,400,768,100.00,32.20,Nasi Putih,fresh
04:19:27,551,398,777,100.00,32.20,Nasi Putih,fresh
04:19:57,559,391,780,100.00,32.20,Nasi Putih,fresh
04:20:27,561,397,778,100.00,32.20,Nasi Putih,fresh
04:20:57,554,390,778,100.00,32.20,Nasi Putih,fresh
04:21:27,551,397,780,100.00,32.20,Nasi Putih,fresh
04:21:57,555,399,782,100.00,32.20,Nasi Putih,fresh
04:22:27,553,403,781,100.00,32.20,Nasi Putih,fresh
04:22:57,559,397,800,100.00,32.20,Nasi Putih,fresh
04:23:27,548,398,783,100.00,32.20,Nasi Putih,fresh
04:23:57,560,368,769,100.00,32.20,Nasi Putih,fresh
01:51:07,550,391,782,100.00,32.20,Nasi Putih,fresh
04:24:57,560,397,779,100.00,32.20,Nasi Putih,fresh
04:25:27,558,399,784,100.00,32.20,Nasi Putih,fresh
04:25:57,559,395,782,100.00,32.20,Nasi Putih,fresh
04:26:27,560,400,784,100.00,32.20,Nasi Putih,fresh
04:26:57,554,396,781,100.00,32.20,Nasi Putih,fresh
04:27:27,557,400,770,100.00,32.20,Nasi Putih,fresh
04:27:57,560,397,778,100.00,32.20,Nasi Putih,fresh
01:58:27,560,390,784,100.00,32.20,Nasi Putih,fresh
04:28:57,561,400,784,100.00,32.20,Nasi Putih,fresh
04:29:27,559,400,784,100.00,32.20,Nasi Putih,fresh
04:29:57,563,397,778,100.00,32.20,Nasi Putih,fresh
04:30:27,560,402,784,100.00,32.20,Nasi Putih,fresh
04:30:57,560,394,781,100.00,32.20,Nasi Putih,fresh
04:31:27,560,399,784,100.00,32.20,Nasi Putih,fresh
04:31:57,560,390,790,100.00,32.20,Nasi Putih,fresh
01:50:07,560,397,784,100.00,32.20,Nasi Putih,fresh
04:32:57,560,400,782,100.00,32.20,Nasi Putih,fresh
04:33:27,560,397,784,100.00,32.20,Nasi Putih,fresh
04:33:57,558,406,773,100.00,32.20,Nasi Putih,fresh
04:34:27,560,390,784,100.00,32.20,Nasi Putih,fresh
04:34:57,560,398,785,100.00,32.20,Nasi Putih,fresh
04:35:27,561,401,783,100.00,32.20,Nasi Putih,fresh
04:35:57,560,399,789,100.00,32.20,Nasi Putih,fresh
04:36:27,560,400,784,100.00,32.20,Nasi Putih,fresh
04:36:57,561,395,784,100.00,32.20,Nasi Putih,fresh
04:37:27,561,400,791,100.00,32.20,Nasi Putih,fresh
04:37:57,561,391,784,100.00,32.20,Nasi Putih,fresh
04:38:27,560,399,790,100.00,32.20,Nasi Putih,fresh
04:38:57,566,400,790,100.00,32.20,Nasi Putih,fresh
04:39:27,565,398,789,100.00,32.20,Nasi Putih,fresh
04:39:57,575,391,787,100.00,32.20,Nasi Putih,fresh
01:53:47,562,400,789,100.00,32.20,Nasi Putih,fresh
04:40:57,565,401,811,100.00,32.10,Nasi Putih,fresh
04:41:27,565,399,795,100.00,32.10,Nasi Putih,fresh
04:41:57,564,400,789,100.00,32.00,Nasi Putih,fresh
04:42:27,563,400,785,100.00,32.00,Nasi Putih,fresh
04:42:57,565,409,798,100.00,32.00,Nasi Putih,fresh
04:43:27,562,400,798,100.00,31.90,Nasi Putih,fresh
04:43:57,573,406,798,100.00,31.80,Nasi Putih,fresh
04:44:27,587,410,798,100.00,31.80,Nasi Putih,fresh
04:44:57,582,418,801,100.00,31.70,Nasi Putih,fresh
04:45:27,578,418,808,100.00,31.70,Nasi Putih,fresh
04:45:57,574,422,818,100.00,31.60,Nasi Putih,fresh
04:46:27,586,419,813,100.00,31.60,Nasi Putih,fresh
04:46:57,585,425,814,100.00,31.60,Nasi Putih,fresh
04:47:27,592,425,817,100.00,31.50,Nasi Putih,fresh
04:47:57,591,423,816,100.00,31.50,Nasi Putih,fresh
04:48:27,587,435,816,100.00,31.50,Nasi Putih,fresh
01:50:07,592,425,817,100.00,31.40,Nasi Putih,fresh
04:49:27,587,405,816,100.00,31.40,Nasi Putih,fresh
02:03:17,592,417,816,100.00,31.40,Nasi Putih,fresh
04:50:27,596,417,834,100.00,31.30,Nasi Putih,fresh
04:50:57,590,423,817,100.00,31.30,Nasi Putih,fresh
04:51:27,594,423,820,100.00,31.30,Nasi Putih,fresh
04:51:57,597,411,823,100.00,31.30,Nasi Putih,fresh
04:52:27,598,417,875,100.00,31.20,Nasi Putih,fresh
04:52:57,595,422,831,100.00,31.20,Nasi Putih,fresh
04:53:27,596,422,836,100.00,31.20,Nasi Putih,fresh
04:53:57,595,418,829,100.00,31.20,Nasi Putih,fresh
04:54:27,598,427,818,100.00,31.10,Nasi Putih,fresh
04:54:57,602,421,835,100.00,31.10,Nasi Putih,fresh
04:55:27,603,428,833,100.00,31.10,Nasi Putih,fresh
04:55:57,608,432,833,100.00,31.00,Nasi Putih,fresh
04:56:27,602,405,838,100.00,31.00,Nasi Putih,fresh
04:56:57,607,430,841,100.00,31.00,Nasi Putih,fresh
04:57:27,604,421,847,100.00,31.00,Nasi Putih,fresh
04:57:57,607,433,841,100.00,31.00,Nasi Putih,fresh
04:58:27,617,427,848,100.00,31.00,Nasi Putih,fresh
04:58:57,609,426,843,100.00,30.90,Nasi Putih,fresh
04:59:27,610,430,838,100.00,30.90,Nasi Putih,fresh
04:59:57,608,426,844,100.00,30.90,Nasi Putih,fresh
05:00:27,603,421,848,100.00,30.90,Nasi Putih,fresh
05:00:57,602,425,842,100.00,30.90,Nasi Putih,fresh
05:01:27,617,421,843,100.00,30.80,Nasi Putih,fresh
05:01:57,603,425,836,100.00,30.80,Nasi Putih,fresh
05:02:27,609,407,848,100.00,30.80,Nasi Putih,fresh
05:02:57,601,419,841,100.00,30.80,Nasi Putih,fresh
05:03:27,607,425,847,100.00,30.80,Nasi Putih,fresh
05:03:57,609,422,845,100.00,30.80,Nasi Putih,fresh
05:04:27,607,422,848,100.00,30.80,Nasi Putih,fresh
05:04:57,610,422,839,100.00,30.80,Nasi Putih,fresh
05:05:27,611,419,846,100.00,30.80,Nasi Putih,fresh
05:05:57,608,419,848,100.00,30.70,Nasi Putih,fresh
05:06:27,609,412,842,100.00,30.70,Nasi Putih,fresh
05:06:57,611,422,848,100.00,30.70,Nasi Putih,fresh
05:07:27,609,416,846,100.00,30.70,Nasi Putih,fresh
05:07:57,618,426,846,100.00,30.70,Nasi Putih,fresh
05:08:27,611,419,847,100.00,30.70,Nasi Putih,fresh
05:08:57,611,416,848,100.00,30.70,Nasi Putih,fresh
05:09:27,624,432,844,100.00,30.70,Nasi Putih,fresh
05:09:57,616,422,848,100.00,30.70,Nasi Putih,fresh
05:10:27,610,419,853,100.00,30.70,Nasi Putih,fresh
05:10:57,612,428,851,100.00,30.70,Nasi Putih,fresh
05:11:27,613,420,849,100.00,30.60,Nasi Putih,fresh
05:11:57,618,421,853,100.00,30.60,Nasi Putih,fresh
05:12:27,620,427,854,100.00,30.60,Nasi Putih,fresh
05:12:57,620,422,854,100.00,30.60,Nasi Putih,fresh
05:13:27,587,423,849,100.00,30.60,Nasi Putih,fresh
05:13:57,619,419,857,100.00,30.60,Nasi Putih,fresh
05:14:27,610,426,861,100.00,30.60,Nasi Putih,fresh
05:14:57,622,423,837,100.00,30.60,Nasi Putih,fresh
05:15:27,611,422,854,100.00,30.60,Nasi Putih,fresh
05:15:57,615,427,854,100.00,30.60,Nasi Putih,fresh
05:16:27,620,423,860,100.00,30.60,Nasi Putih,fresh
05:16:57,623,426,865,100.00,30.60,Nasi Putih,fresh
05:17:27,625,420,859,100.00,30.60,Nasi Putih,fresh
05:17:57,622,426,864,100.00,30.50,Nasi Putih,fresh
05:18:27,624,420,860,100.00,30.50,Nasi Putih,fresh
05:18:57,624,425,868,100.00,30.50,Nasi Putih,fresh
05:19:27,624,427,865,100.00,30.50,Nasi Putih,fresh
05:19:57,624,423,864,100.00,30.50,Nasi Putih,fresh
05:20:27,622,452,870,100.00,30.50,Nasi Putih,fresh
05:20:57,624,417,864,100.00,30.50,Nasi Putih,fresh
05:21:27,623,423,864,100.00,30.50,Nasi Putih,fresh
05:21:57,612,422,860,100.00,30.40,Nasi Putih,fresh
05:22:27,624,426,863,100.00,30.40,Nasi Putih,fresh
05:22:57,624,425,866,100.00,30.40,Nasi Putih,fresh
05:23:27,621,421,845,100.00,30.40,Nasi Putih,fresh
05:23:57,624,430,871,100.00,30.40,Nasi Putih,fresh
05:24:27,624,423,871,100.00,30.40,Nasi Putih,fresh
05:24:57,620,423,871,100.00,30.40,Nasi Putih,fresh
05:25:27,621,422,867,100.00,30.30,Nasi Putih,fresh
05:25:57,624,430,871,100.00,30.30,Nasi Putih,fresh
05:26:27,625,432,869,100.00,30.30,Nasi Putih,fresh
05:26:57,624,429,880,100.00,30.30,Nasi Putih,fresh
05:27:27,627,429,872,100.00,30.30,Nasi Putih,fresh
05:27:57,628,430,864,100.00,30.30,Nasi Putih,fresh
05:28:27,624,423,864,100.00,30.30,Nasi Putih,fresh
05:28:57,630,432,876,100.00,30.30,Nasi Putih,fresh
05:29:27,627,432,871,100.00,30.30,Nasi Putih,fresh
05:29:57,624,418,880,100.00,30.20,Nasi Putih,fresh
05:30:27,628,429,871,100.00,30.20,Nasi Putih,fresh
05:30:57,624,409,877,100.00,30.20,Nasi Putih,fresh
05:31:27,640,432,860,100.00,30.20,Nasi Putih,fresh
05:31:57,631,432,864,100.00,30.20,Nasi Putih,fresh
05:32:27,629,430,875,100.00,30.20,Nasi Putih,fresh
05:32:57,624,431,869,100.00,30.10,Nasi Putih,fresh
05:33:27,626,432,876,100.00,30.10,Nasi Putih,fresh
05:33:57,627,431,833,100.00,30.10,Nasi Putih,fresh
05:34:27,627,427,876,100.00,30.10,Nasi Putih,fresh
05:34:57,624,400,877,100.00,30.10,Nasi Putih,fresh
05:35:27,627,428,869,100.00,30.00,Nasi Putih,fresh
05:35:57,626,426,875,100.00,30.00,Nasi Putih,fresh
05:36:27,623,426,868,100.00,30.00,Nasi Putih,fresh
05:36:57,627,427,873,100.00,30.00,Nasi Putih,fresh
05:37:27,624,419,869,100.00,30.00,Nasi Putih,fresh
05:37:57,624,422,863,100.00,30.00,Nasi Putih,fresh
05:38:27,628,429,875,100.00,29.90,Nasi Putih,fresh
05:38:57,625,429,874,100.00,29.90,Nasi Putih,fresh
05:39:27,625,434,879,100.00,29.90,Nasi Putih,fresh
05:39:57,630,427,874,100.00,29.90,Nasi Putih,fresh
05:40:27,615,433,879,100.00,29.90,Nasi Putih,fresh
05:40:57,634,431,881,100.00,29.90,Nasi Putih,fresh
05:41:27,627,414,874,100.00,29.90,Nasi Putih,fresh
05:41:57,630,435,876,100.00,29.90,Nasi Putih,fresh
05:42:27,631,429,875,100.00,29.90,Nasi Putih,fresh
05:42:57,631,432,879,100.00,29.90,Nasi Putih,fresh
05:43:27,632,432,867,100.00,29.80,Nasi Putih,fresh
05:43:57,633,432,879,100.00,29.80,Nasi Putih,fresh
05:44:27,630,425,875,100.00,29.80,Nasi Putih,fresh
05:44:57,633,429,879,100.00,29.80,Nasi Putih,fresh
05:45:27,634,432,881,100.00,29.80,Nasi Putih,fresh
05:45:57,638,429,846,100.00,29.80,Nasi Putih,fresh
05:46:27,638,431,879,100.00,29.80,Nasi Putih,fresh
05:46:57,639,391,891,100.00,29.80,Nasi Putih,fresh
05:47:27,637,432,875,100.00,29.80,Nasi Putih,fresh
05:47:57,649,419,866,100.00,29.70,Nasi Putih,fresh
05:48:27,634,429,880,100.00,29.70,Nasi Putih,fresh
01:50:07,637,432,879,100.00,29.70,Nasi Putih,fresh
05:49:27,634,431,881,100.00,29.70,Nasi Putih,fresh
05:49:57,637,427,879,100.00,29.70,Nasi Putih,fresh
05:50:27,631,432,880,100.00,29.70,Nasi Putih,fresh
05:50:57,636,427,882,100.00,29.70,Nasi Putih,fresh
05:51:27,635,427,879,100.00,29.70,Nasi Putih,fresh
05:51:57,635,432,885,100.00,29.70,Nasi Putih,fresh
05:52:27,636,432,880,100.00,29.70,Nasi Putih,fresh
05:52:57,639,434,883,100.00,29.60,Nasi Putih,fresh
05:53:27,635,411,880,100.00,29.60,Nasi Putih,fresh
05:53:57,639,432,881,100.00,29.60,Nasi Putih,fresh
05:54:27,641,432,893,100.00,29.60,Nasi Putih,fresh
05:54:57,638,435,883,100.00,29.60,Nasi Putih,fresh
05:55:27,641,431,882,100.00,29.60,Nasi Putih,fresh
05:55:57,637,433,891,100.00,29.60,Nasi Putih,fresh
05:56:27,639,430,886,100.00,29.60,Nasi Putih,fresh
05:56:57,643,430,891,100.00,29.60,Nasi Putih,fresh
05:57:27,653,432,877,100.00,29.60,Nasi Putih,fresh
03:11:17,637,441,887,100.00,29.60,Nasi Putih,fresh
05:58:27,641,432,882,100.00,29.60,Nasi Putih,fresh
05:58:57,646,433,883,100.00,29.60,Nasi Putih,fresh
05:59:27,640,432,893,100.00,29.60,Nasi Putih,fresh
05:59:57,643,433,899,100.00,29.60,Nasi Putih,fresh
06:00:27,643,431,875,100.00,29.60,Nasi Putih,spoiled
06:00:57,639,435,885,100.00,29.60,Nasi Putih,spoiled
06:01:27,646,432,922,100.00,29.60,Nasi Putih,spoiled
06:01:57,644,432,892,100.00,29.60,Nasi Putih,spoiled
06:02:27,642,428,892,100.00,29.60,Nasi Putih,spoiled
06:02:57,647,432,886,100.00,29.60,Nasi Putih,spoiled
06:03:27,646,433,890,100.00,29.60,Nasi Putih,spoiled
06:03:57,647,446,877,100.00,29.60,Nasi Putih,spoiled
06:04:27,647,423,894,100.00,29.60,Nasi Putih,spoiled
01:51:37,645,432,891,100.00,29.60,Nasi Putih,fresh
06:05:27,645,432,893,100.00,29.60,Nasi Putih,spoiled
06:05:57,652,436,893,100.00,29.60,Nasi Putih,spoiled
06:06:27,643,433,897,100.00,29.60,Nasi Putih,spoiled
06:06:57,646,429,896,100.00,29.60,Nasi Putih,spoiled
06:07:27,645,432,881,100.00,29.60,Nasi Putih,spoiled
06:07:57,639,431,897,100.00,29.60,Nasi Putih,spoiled
06:08:27,643,430,895,100.00,29.60,Nasi Putih,spoiled
06:08:57,641,432,886,100.00,29.70,Nasi Putih,spoiled
06:09:27,649,432,893,100.00,29.70,Nasi Putih,spoiled
06:09:57,673,432,897,100.00,29.70,Nasi Putih,spoiled
06:10:27,642,432,894,100.00,29.70,Nasi Putih,spoiled
06:10:57,645,432,907,100.00,29.70,Nasi Putih,spoiled
06:11:27,643,431,895,100.00,29.70,Nasi Putih,spoiled
06:11:57,647,432,896,100.00,29.70,Nasi Putih,spoiled
06:12:27,647,433,886,100.00,29.80,Nasi Putih,spoiled
06:12:57,643,433,891,100.00,29.80,Nasi Putih,spoiled
06:13:27,652,435,900,100.00,29.80,Nasi Putih,spoiled
06:13:57,639,432,895,100.00,29.80,Nasi Putih,spoiled
06:14:27,649,432,896,100.00,29.70,Nasi Putih,spoiled
06:14:57,647,432,893,100.00,29.80,Nasi Putih,spoiled
06:15:27,644,432,895,100.00,29.70,Nasi Putih,spoiled
06:15:57,646,432,895,100.00,29.70,Nasi Putih,spoiled
06:16:27,651,432,895,100.00,29.70,Nasi Putih,spoiled
06:16:57,645,432,902,100.00,29.70,Nasi Putih,spoiled
06:17:27,647,432,896,100.00,29.70,Nasi Putih,spoiled
06:17:57,647,436,895,100.00,29.70,Nasi Putih,spoiled
06:18:27,653,435,897,100.00,29.70,Nasi Putih,spoiled
06:18:57,639,431,897,100.00,29.70,Nasi Putih,spoiled
06:19:27,647,432,895,100.00,29.70,Nasi Putih,spoiled
06:19:57,647,435,896,100.00,29.70,Nasi Putih,spoiled
03:33:47,649,434,896,100.00,29.70,Nasi Putih,fresh
06:20:57,640,435,899,100.00,29.70,Nasi Putih,spoiled
06:21:27,646,439,903,100.00,29.70,Nasi Putih,spoiled
03:35:17,661,432,897,100.00,29.70,Nasi Putih,fresh
06:22:27,650,438,897,100.00,29.70,Nasi Putih,spoiled
06:22:57,643,429,900,100.00,29.70,Nasi Putih,spoiled
06:23:27,638,430,892,100.00,29.70,Nasi Putih,spoiled
06:23:57,647,432,890,100.00,29.70,Nasi Putih,spoiled
06:24:27,646,431,886,100.00,29.70,Nasi Putih,spoiled
06:24:57,654,424,897,100.00,29.70,Nasi Putih,spoiled
06:25:27,646,437,901,100.00,29.70,Nasi Putih,spoiled
06:25:57,653,432,898,100.00,29.70,Nasi Putih,spoiled
06:26:27,647,432,899,100.00,29.70,Nasi Putih,spoiled
06:26:57,647,432,897,100.00,29.70,Nasi Putih,spoiled
06:27:27,651,432,899,100.00,29.70,Nasi Putih,spoiled
06:27:57,649,433,901,100.00,29.70,Nasi Putih,spoiled
06:28:27,655,435,897,100.00,29.70,Nasi Putih,spoiled
06:28:57,649,433,896,100.00,29.70,Nasi Putih,spoiled
06:29:27,649,432,897,100.00,29.70,Nasi Putih,spoiled
06:29:57,651,432,899,100.00,29.70,Nasi Putih,spoiled
06:30:27,653,433,901,100.00,29.70,Nasi Putih,spoiled
06:30:57,651,434,898,100.00,29.70,Nasi Putih,spoiled
06:31:27,647,432,895,100.00,29.60,Nasi Putih,spoiled
06:31:57,650,431,902,100.00,29.60,Nasi Putih,spoiled
06:32:27,648,430,899,100.00,29.70,Nasi Putih,spoiled
06:32:57,650,432,911,100.00,29.60,Nasi Putih,spoiled
06:33:27,655,446,890,100.00,29.60,Nasi Putih,spoiled
06:33:57,652,434,901,100.00,29.60,Nasi Putih,spoiled
01:51:07,653,432,896,100.00,29.60,Nasi Putih,fresh
06:34:57,656,443,903,100.00,29.60,Nasi Putih,spoiled
06:35:27,647,432,890,100.00,29.60,Nasi Putih,spoiled
06:35:57,655,433,901,100.00,29.60,Nasi Putih,spoiled
06:36:27,653,432,895,100.00,29.70,Nasi Putih,spoiled
06:36:57,656,432,908,100.00,29.60,Nasi Putih,spoiled
06:37:27,656,432,905,100.00,29.60,Nasi Putih,spoiled
06:37:57,650,433,902,100.00,29.60,Nasi Putih,spoiled
06:38:27,650,433,903,100.00,29.60,Nasi Putih,spoiled
01:50:07,656,432,899,100.00,29.60,Nasi Putih,fresh
06:39:27,653,432,905,100.00,29.60,Nasi Putih,spoiled
06:39:57,656,439,902,100.00,29.60,Nasi Putih,spoiled
06:40:27,655,434,903,100.00,29.60,Nasi Putih,spoiled
06:40:57,660,432,906,100.00,29.60,Nasi Putih,spoiled
06:41:27,656,432,905,100.00,29.60,Nasi Putih,spoiled
06:41:57,649,432,907,100.00,29.60,Nasi Putih,spoiled
06:42:27,656,433,906,100.00,29.60,Nasi Putih,spoiled
06:42:57,656,439,911,100.00,29.60,Nasi Putih,spoiled
03:56:47,656,432,909,100.00,29.60,Nasi Putih,fresh
06:43:57,653,432,907,100.00,29.50,Nasi Putih,spoiled
06:44:27,656,432,903,100.00,29.60,Nasi Putih,spoiled
06:44:57,656,431,910,100.00,29.50,Nasi Putih,spoiled
06:45:27,655,431,905,100.00,29.50,Nasi Putih,spoiled
06:45:57,656,432,907,100.00,29.50,Nasi Putih,spoiled
01:51:27,657,430,899,100.00,29.50,Nasi Putih,fresh
06:46:57,656,432,910,100.00,29.60,Nasi Putih,spoiled
06:47:27,627,431,903,100.00,29.50,Nasi Putih,spoiled
06:47:57,656,431,907,100.00,29.50,Nasi Putih,spoiled
06:48:27,655,435,903,100.00,29.50,Nasi Putih,spoiled
06:48:57,656,434,907,100.00,29.50,Nasi Putih,spoiled
06:49:27,654,433,905,100.00,29.50,Nasi Putih,spoiled
06:49:57,651,431,912,100.00,29.50,Nasi Putih,spoiled
06:50:27,653,432,906,100.00,29.50,Nasi Putih,spoiled
06:50:57,656,448,910,100.00,29.50,Nasi Putih,spoiled
06:51:27,657,433,905,100.00,29.50,Nasi Putih,spoiled
06:51:57,656,427,896,100.00,29.50,Nasi Putih,spoiled
06:52:27,656,435,907,100.00,29.50,Nasi Putih,spoiled
06:52:57,650,434,910,100.00,29.50,Nasi Putih,spoiled
06:53:27,656,432,902,100.00,29.50,Nasi Putih,spoiled
06:53:57,656,432,908,100.00,29.50,Nasi Putih,spoiled
06:54:27,656,432,910,100.00,29.50,Nasi Putih,spoiled
06:54:57,651,432,907,100.00,29.50,Nasi Putih,spoiled
01:50:27,652,433,907,100.00,29.50,Nasi Putih,fresh
06:55:57,655,435,906,100.00,29.50,Nasi Putih,spoiled
06:56:27,651,433,910,100.00,29.50,Nasi Putih,spoiled
06:56:57,658,432,908,100.00,29.50,Nasi Putih,spoiled
06:57:27,657,432,912,100.00,29.50,Nasi Putih,spoiled
06:57:57,654,434,905,100.00,29.50,Nasi Putih,spoiled
06:58:27,653,434,908,100.00,29.50,Nasi Putih,spoiled
06:58:57,656,432,895,100.00,29.40,Nasi Putih,spoiled
06:59:27,656,432,910,100.00,29.40,Nasi Putih,spoiled
06:59:57,655,437,898,100.00,29.40,Nasi Putih,spoiled
07:00:27,657,432,911,100.00,29.40,Nasi Putih,spoiled
07:00:57,655,453,903,100.00,29.40,Nasi Putih,spoiled
04:14:47,655,420,899,100.00,29.40,Nasi Putih,fresh
04:15:17,656,435,906,100.00,29.40,Nasi Putih,fresh
07:02:27,693,435,912,100.00,29.40,Nasi Putih,spoiled
07:02:57,656,438,919,100.00,29.40,Nasi Putih,spoiled
07:03:27,651,432,907,100.00,29.40,Nasi Putih,spoiled
07:03:57,654,432,903,100.00,29.40,Nasi Putih,spoiled
07:04:27,644,439,910,100.00,29.40,Nasi Putih,spoiled
07:04:57,644,437,987,100.00,29.40,Nasi Putih,spoiled
07:05:27,653,435,904,100.00,29.40,Nasi Putih,spoiled
07:05:57,656,433,902,100.00,29.40,Nasi Putih,spoiled
07:06:27,656,439,904,100.00,29.40,Nasi Putih,spoiled
01:50:17,655,434,898,100.00,29.40,Nasi Putih,fresh
07:07:27,658,433,901,100.00,29.40,Nasi Putih,spoiled
07:07:57,655,435,907,100.00,29.40,Nasi Putih,spoiled
07:08:27,654,426,901,100.00,29.40,Nasi Putih,spoiled
07:08:57,654,433,909,100.00,29.40,Nasi Putih,spoiled
07:09:27,656,437,902,100.00,29.40,Nasi Putih,spoiled
07:09:57,655,433,906,100.00,29.40,Nasi Putih,spoiled
07:10:27,656,429,904,100.00,29.40,Nasi Putih,spoiled
07:10:57,656,438,906,100.00,29.40,Nasi Putih,spoiled
07:11:27,656,433,907,100.00,29.40,Nasi Putih,spoiled
07:11:57,656,433,909,100.00,29.40,Nasi Putih,spoiled
07:12:27,652,445,902,100.00,29.40,Nasi Putih,spoiled
07:12:57,654,432,901,100.00,29.40,Nasi Putih,spoiled
07:13:27,650,436,903,100.00,29.40,Nasi Putih,spoiled
07:13:57,656,432,905,100.00,29.40,Nasi Putih,spoiled
07:14:27,663,432,890,100.00,29.40,Nasi Putih,spoiled
07:14:57,656,444,902,100.00,29.40,Nasi Putih,spoiled
04:28:47,656,437,909,100.00,29.40,Nasi Putih,fresh
07:15:57,656,435,896,100.00,29.40,Nasi Putih,spoiled
07:16:27,661,435,911,100.00,29.40,Nasi Putih,spoiled
07:16:57,657,437,906,100.00,29.30,Nasi Putih,spoiled
07:17:27,657,436,909,100.00,29.30,Nasi Putih,spoiled
01:50:07,656,441,907,100.00,29.30,Nasi Putih,fresh
07:18:27,657,439,907,100.00,29.30,Nasi Putih,spoiled
07:18:57,655,433,902,100.00,29.30,Nasi Putih,spoiled
07:19:27,657,434,929,100.00,29.30,Nasi Putih,spoiled
07:19:57,656,431,902,100.00,29.30,Nasi Putih,spoiled
07:20:27,656,439,908,100.00,29.30,Nasi Putih,spoiled
07:20:57,646,438,913,100.00,29.30,Nasi Putih,spoiled
07:21:27,656,439,906,100.00,29.30,Nasi Putih,spoiled
07:21:57,656,441,908,100.00,29.30,Nasi Putih,spoiled
07:22:27,656,435,909,100.00,29.30,Nasi Putih,spoiled
07:22:57,665,400,912,100.00,29.30,Nasi Putih,spoiled
07:23:27,659,436,908,100.00,29.30,Nasi Putih,spoiled
07:23:57,658,443,910,100.00,29.30,Nasi Putih,spoiled
07:24:27,658,433,906,100.00,29.20,Nasi Putih,spoiled
07:24:57,659,438,906,100.00,29.20,Nasi Putih,spoiled
07:25:27,662,445,907,100.00,29.20,Nasi Putih,spoiled
07:25:57,660,448,906,100.00,29.20,Nasi Putih,spoiled
07:26:27,665,449,911,100.00,29.20,Nasi Putih,spoiled
07:26:57,656,445,911,100.00,29.20,Nasi Putih,spoiled
07:27:27,659,439,908,100.00,29.20,Nasi Putih,spoiled
07:27:57,663,443,907,100.00,29.20,Nasi Putih,spoiled
07:28:27,657,447,911,100.00,29.20,Nasi Putih,spoiled
07:28:57,661,443,908,100.00,29.20,Nasi Putih,spoiled
07:29:27,655,445,916,100.00,29.20,Nasi Putih,spoiled
01:56:37,662,448,912,100.00,29.20,Nasi Putih,fresh
07:30:27,667,443,907,100.00,29.20,Nasi Putih,spoiled
07:30:57,662,449,911,100.00,29.10,Nasi Putih,spoiled
07:31:27,660,442,912,100.00,29.10,Nasi Putih,spoiled
07:31:57,663,447,911,100.00,29.10,Nasi Putih,spoiled
07:32:27,656,446,912,100.00,29.10,Nasi Putih,spoiled
01:59:37,662,443,911,100.00,29.10,Nasi Putih,fresh
02:00:07,658,448,904,100.00,29.10,Nasi Putih,fresh
07:33:57,659,438,912,100.00,29.10,Nasi Putih,spoiled
07:34:27,661,445,907,100.00,29.10,Nasi Putih,spoiled
07:34:57,665,445,912,100.00,29.10,Nasi Putih,spoiled
07:35:27,666,450,912,100.00,29.10,Nasi Putih,spoiled
07:35:57,667,450,910,100.00,29.10,Nasi Putih,spoiled
07:36:27,671,447,912,100.00,29.10,Nasi Putih,spoiled
07:36:57,663,447,912,100.00,29.00,Nasi Putih,spoiled
07:37:27,662,451,923,100.00,29.00,Nasi Putih,spoiled
07:37:57,678,444,912,100.00,29.00,Nasi Putih,spoiled
07:38:27,665,449,912,100.00,29.00,Nasi Putih,spoiled
07:38:57,663,448,913,100.00,29.00,Nasi Putih,spoiled
07:39:27,658,464,910,100.00,29.00,Nasi Putih,spoiled
07:39:57,666,442,921,100.00,29.00,Nasi Putih,spoiled
07:40:27,665,450,909,100.00,29.00,Nasi Putih,spoiled
07:40:57,669,454,907,100.00,29.00,Nasi Putih,spoiled
07:41:27,669,459,914,100.00,29.00,Nasi Putih,spoiled
07:41:57,662,464,909,100.00,28.90,Nasi Putih,spoiled
07:42:27,674,450,912,100.00,28.90,Nasi Putih,spoiled
07:42:57,670,452,916,100.00,28.90,Nasi Putih,spoiled
01:53:27,665,464,917,100.00,28.90,Nasi Putih,fresh
07:43:57,669,458,918,100.00,28.90,Nasi Putih,spoiled
07:44:27,669,453,912,100.00,28.90,Nasi Putih,spoiled
07:44:57,670,454,922,100.00,28.90,Nasi Putih,spoiled
07:45:27,671,464,916,100.00,28.90,Nasi Putih,spoiled
07:45:57,669,455,913,100.00,28.90,Nasi Putih,spoiled
07:46:27,672,456,919,100.00,28.90,Nasi Putih,spoiled
07:46:57,675,449,913,100.00,28.90,Nasi Putih,spoiled
07:47:27,672,475,921,100.00,28.90,Nasi Putih,spoiled
07:47:57,670,457,923,100.00,28.90,Nasi Putih,spoiled
07:48:27,671,454,921,100.00,28.90,Nasi Putih,spoiled
07:48:57,659,455,911,100.00,28.90,Nasi Putih,spoiled
07:49:27,672,455,919,100.00,28.80,Nasi Putih,spoiled
07:49:57,672,457,917,100.00,28.90,Nasi Putih,spoiled
07:50:27,672,458,917,100.00,28.90,Nasi Putih,spoiled
07:50:57,668,453,947,100.00,28.90,Nasi Putih,spoiled
07:51:27,679,445,918,100.00,28.90,Nasi Putih,spoiled
07:51:57,676,455,917,100.00,28.90,Nasi Putih,spoiled
07:52:27,673,453,926,100.00,28.90,Nasi Putih,spoiled
07:52:57,677,464,921,100.00,28.90,Nasi Putih,spoiled
02:20:07,671,450,913,100.00,28.90,Nasi Putih,fresh
07:53:57,671,448,920,100.00,28.90,Nasi Putih,spoiled
07:54:27,673,452,918,100.00,28.90,Nasi Putih,spoiled
07:54:57,674,455,915,100.00,28.90,Nasi Putih,spoiled
07:55:27,675,457,915,100.00,28.90,Nasi Putih,spoiled
07:55:57,671,451,914,100.00,28.80,Nasi Putih,spoiled
07:56:27,670,452,915,100.00,28.90,Nasi Putih,spoiled
07:56:57,673,453,919,100.00,28.90,Nasi Putih,spoiled
07:57:27,677,450,912,100.00,28.90,Nasi Putih,spoiled
07:57:57,672,454,921,100.00,28.80,Nasi Putih,spoiled
02:25:07,668,420,938,100.00,28.80,Nasi Putih,fresh
07:58:57,678,454,922,100.00,28.80,Nasi Putih,spoiled
07:59:27,674,452,927,100.00,28.80,Nasi Putih,spoiled
07:59:57,675,454,922,100.00,28.80,Nasi Putih,spoiled
08:00:27,679,450,923,100.00,28.80,Nasi Putih,spoiled
08:00:57,679,455,942,100.00,28.80,Nasi Putih,spoiled
08:01:27,657,453,930,100.00,28.80,Nasi Putih,spoiled
08:01:57,660,461,929,100.00,28.80,Nasi Putih,spoiled
08:02:27,681,451,926,100.00,28.80,Nasi Putih,spoiled
08:02:57,683,454,932,100.00,28.80,Nasi Putih,spoiled
08:03:27,683,453,929,100.00,28.70,Nasi Putih,spoiled
01:50:37,684,455,934,100.00,28.80,Nasi Putih,fresh
08:04:27,682,459,933,100.00,28.70,Nasi Putih,spoiled
08:04:57,687,459,933,100.00,28.70,Nasi Putih,spoiled
08:05:27,695,459,938,100.00,28.70,Nasi Putih,spoiled
08:05:57,688,453,939,100.00,28.70,Nasi Putih,spoiled
08:06:27,688,451,932,100.00,28.70,Nasi Putih,spoiled
08:06:57,692,459,944,100.00,28.70,Nasi Putih,spoiled
08:07:27,691,458,943,100.00,28.70,Nasi Putih,spoiled
08:07:57,690,463,941,100.00,28.70,Nasi Putih,spoiled
08:08:27,693,464,945,100.00,28.70,Nasi Putih,spoiled
08:08:57,693,464,944,100.00,28.70,Nasi Putih,spoiled
08:09:27,698,455,943,100.00,28.70,Nasi Putih,spoiled
08:09:57,691,456,949,100.00,28.70,Nasi Putih,spoiled
01:50:07,695,463,947,100.00,28.70,Nasi Putih,fresh
08:10:57,700,459,951,100.00,28.70,Nasi Putih,spoiled
08:11:27,698,464,954,100.00,28.70,Nasi Putih,spoiled
08:11:57,699,454,957,100.00,28.70,Nasi Putih,spoiled
02:39:07,704,464,944,100.00,28.70,Nasi Putih,fresh
08:12:57,705,460,951,100.00,28.70,Nasi Putih,spoiled
08:13:27,706,463,972,100.00,28.70,Nasi Putih,spoiled
08:13:57,703,463,961,100.00,28.70,Nasi Putih,spoiled
08:14:27,703,462,964,100.00,28.70,Nasi Putih,spoiled
08:14:57,709,469,953,100.00,28.70,Nasi Putih,spoiled
08:15:27,711,462,967,100.00,28.70,Nasi Putih,spoiled
08:15:57,710,459,966,100.00,28.70,Nasi Putih,spoiled
08:16:27,715,463,966,100.00,28.70,Nasi Putih,spoiled
08:16:57,716,462,970,100.00,28.60,Nasi Putih,spoiled
08:17:27,710,464,942,100.00,28.60,Nasi Putih,spoiled
08:17:57,716,461,976,100.00,28.60,Nasi Putih,spoiled
08:18:27,715,462,976,100.00,28.60,Nasi Putih,spoiled
08:18:57,720,464,976,100.00,28.60,Nasi Putih,spoiled
08:19:27,717,465,973,100.00,28.60,Nasi Putih,spoiled
08:19:57,719,463,977,100.00,28.60,Nasi Putih,spoiled
08:20:27,719,464,980,100.00,28.60,Nasi Putih,spoiled
08:20:57,720,462,976,100.00,28.60,Nasi Putih,spoiled
08:21:27,718,463,981,100.00,28.60,Nasi Putih,spoiled
08:21:57,725,463,985,100.00,28.60,Nasi Putih,spoiled
08:22:27,716,463,986,100.00,28.60,Nasi Putih,spoiled
08:22:57,722,461,985,100.00,28.60,Nasi Putih,spoiled
08:23:27,720,464,984,100.00,28.60,Nasi Putih,spoiled
08:23:57,723,463,989,100.00,28.60,Nasi Putih,spoiled
08:24:27,722,462,992,100.00,28.60,Nasi Putih,spoiled
08:24:57,722,462,1001,100.00,28.60,Nasi Putih,spoiled
08:25:27,726,462,995,100.00,28.60,Nasi Putih,spoiled
08:25:57,729,463,990,100.00,28.60,Nasi Putih,spoiled
08:26:27,730,467,995,100.00,28.60,Nasi Putih,spoiled
08:26:57,733,463,996,100.00,28.60,Nasi Putih,spoiled
08:27:27,736,465,992,100.00,28.60,Nasi Putih,spoiled
08:27:57,730,466,999,100.00,28.60,Nasi Putih,spoiled
08:28:27,722,463,998,100.00,28.60,Nasi Putih,spoiled
08:28:57,735,467,996,100.00,28.60,Nasi Putih,spoiled
08:29:27,720,469,1011,100.00,28.60,Nasi Putih,spoiled
08:29:57,731,464,1004,100.00,28.60,Nasi Putih,spoiled
08:30:27,721,464,1004,100.00,28.60,Nasi Putih,spoiled
08:30:57,733,464,1008,100.00,28.60,Nasi Putih,spoiled
08:31:27,730,465,1003,100.00,28.60,Nasi Putih,spoiled
08:31:57,729,464,1004,100.00,28.60,Nasi Putih,spoiled
08:32:27,739,465,1004,100.00,28.60,Nasi Putih,spoiled
08:32:57,715,470,1008,100.00,28.60,Nasi Putih,spoiled
08:33:27,739,464,1007,100.00,28.60,Nasi Putih,spoiled
08:33:57,735,464,1006,100.00,28.60,Nasi Putih,spoiled
08:34:27,730,463,1005,100.00,28.60,Nasi Putih,spoiled
08:34:57,735,464,1008,100.00,28.60,Nasi Putih,spoiled
01:55:27,742,464,1011,100.00,28.60,Nasi Putih,fresh
08:35:57,732,464,1008,100.00,28.60,Nasi Putih,spoiled
08:36:27,705,462,1009,100.00,28.60,Nasi Putih,spoiled
01:56:57,734,464,1010,100.00,28.60,Nasi Putih,fresh
08:37:27,738,470,1009,100.00,28.60,Nasi Putih,spoiled
08:37:57,752,466,1007,100.00,28.50,Nasi Putih,spoiled
08:38:27,741,464,1011,100.00,28.50,Nasi Putih,spoiled
08:38:57,738,465,1022,100.00,28.50,Nasi Putih,spoiled
08:39:27,739,466,1008,100.00,28.50,Nasi Putih,spoiled
08:39:57,743,464,1014,100.00,28.50,Nasi Putih,spoiled
08:40:27,743,469,1008,100.00,28.50,Nasi Putih,spoiled
08:40:57,747,463,1018,100.00,28.50,Nasi Putih,spoiled
08:41:27,744,465,1014,100.00,28.50,Nasi Putih,spoiled
08:41:57,745,464,1019,100.00,28.50,Nasi Putih,spoiled
08:42:27,746,464,1023,100.00,28.50,Nasi Putih,spoiled
08:42:57,742,458,1021,100.00,28.50,Nasi Putih,spoiled
08:43:27,747,468,1023,100.00,28.50,Nasi Putih,spoiled
08:43:57,746,464,1022,100.00,28.50,Nasi Putih,spoiled
08:44:27,737,466,1023,100.00,28.50,Nasi Putih,spoiled
08:44:57,752,468,1034,100.00,28.50,Nasi Putih,spoiled
08:45:27,751,464,1035,100.00,28.50,Nasi Putih,spoiled
08:45:57,752,476,1033,100.00,28.50,Nasi Putih,spoiled
08:46:27,749,465,1038,100.00,28.50,Nasi Putih,spoiled
08:46:57,752,467,1040,100.00,28.50,Nasi Putih,spoiled
08:47:27,751,470,1040,100.00,28.50,Nasi Putih,spoiled
08:47:57,750,473,1040,100.00,28.50,Nasi Putih,spoiled
08:48:27,753,476,1040,100.00,28.40,Nasi Putih,spoiled
01:50:37,756,465,1035,100.00,28.50,Nasi Putih,fresh
03:16:07,761,464,1040,100.00,28.40,Nasi Putih,fresh
08:49:57,759,469,1007,100.00,28.40,Nasi Putih,spoiled
08:50:27,767,467,1047,100.00,28.40,Nasi Putih,spoiled
08:50:57,762,475,1056,100.00,28.40,Nasi Putih,spoiled
08:51:27,765,470,1051,100.00,28.40,Nasi Putih,spoiled
08:51:57,773,475,1042,100.00,28.40,Nasi Putih,spoiled
08:52:27,768,475,1047,100.00,28.40,Nasi Putih,spoiled
08:52:57,765,478,1050,100.00,28.40,Nasi Putih,spoiled
08:53:27,767,475,1057,100.00,28.40,Nasi Putih,spoiled
08:53:57,777,478,1056,100.00,28.40,Nasi Putih,spoiled
08:54:27,767,476,1059,100.00,28.40,Nasi Putih,spoiled
08:54:57,771,476,1057,100.00,28.40,Nasi Putih,spoiled
08:55:27,779,472,1058,100.00,28.40,Nasi Putih,spoiled
08:55:57,775,478,1061,100.00,28.40,Nasi Putih,spoiled
03:23:07,778,474,1058,100.00,28.40,Nasi Putih,fresh
08:56:57,778,477,1053,100.00,28.30,Nasi Putih,spoiled
08:57:27,779,478,1070,100.00,28.30,Nasi Putih,spoiled
08:57:57,779,474,1066,100.00,28.40,Nasi Putih,spoiled
01:50:07,781,479,1065,100.00,28.40,Nasi Putih,fresh
08:58:57,780,482,1068,100.00,28.40,Nasi Putih,spoiled
08:59:27,783,477,1072,100.00,28.40,Nasi Putih,spoiled
08:59:57,786,481,1071,100.00,28.40,Nasi Putih,spoiled
09:00:27,782,483,1061,100.00,28.40,Nasi Putih,spoiled
09:00:57,783,478,1075,100.00,28.40,Nasi Putih,spoiled
09:01:27,784,477,1076,100.00,28.40,Nasi Putih,spoiled
09:01:57,785,477,1081,100.00,28.40,Nasi Putih,spoiled
09:02:27,784,475,1075,100.00,28.40,Nasi Putih,spoiled
09:02:57,787,478,1077,100.00,28.40,Nasi Putih,spoiled
09:03:27,775,483,1079,100.00,28.40,Nasi Putih,spoiled
09:03:57,787,478,1083,100.00,28.40,Nasi Putih,spoiled
09:04:27,784,477,1077,100.00,28.40,Nasi Putih,spoiled
09:04:57,787,480,1083,100.00,28.40,Nasi Putih,spoiled
09:05:27,792,477,1088,100.00,28.50,Nasi Putih,spoiled
09:05:57,789,481,1088,100.00,28.50,Nasi Putih,spoiled
09:06:27,790,475,1088,100.00,28.50,Nasi Putih,spoiled
09:06:57,791,478,1086,100.00,28.50,Nasi Putih,spoiled
09:07:27,797,477,1089,100.00,28.50,Nasi Putih,spoiled
09:07:57,794,488,1093,100.00,28.50,Nasi Putih,spoiled
09:08:27,792,492,1089,100.00,28.50,Nasi Putih,spoiled
09:08:57,795,473,1099,100.00,28.50,Nasi Putih,spoiled
01:50:07,792,477,1095,100.00,28.50,Nasi Putih,fresh
09:09:57,797,482,1093,100.00,28.60,Nasi Putih,spoiled
09:10:27,800,480,1075,100.00,28.60,Nasi Putih,spoiled
01:57:37,797,479,1099,100.00,28.60,Nasi Putih,fresh
09:11:27,832,479,1095,100.00,28.60,Nasi Putih,spoiled
09:11:57,797,478,1100,100.00,28.60,Nasi Putih,spoiled
01:50:47,790,479,1093,100.00,28.60,Nasi Putih,fresh
01:59:37,797,483,1114,100.00,28.60,Nasi Putih,fresh
09:13:27,801,481,1101,100.00,28.70,Nasi Putih,spoiled
09:13:57,803,487,1099,100.00,28.70,Nasi Putih,spoiled
09:14:27,804,485,1099,100.00,28.70,Nasi Putih,spoiled
09:14:57,800,474,1102,100.00,28.70,Nasi Putih,spoiled
09:15:27,800,485,1104,100.00,28.70,Nasi Putih,spoiled
09:15:57,802,482,1103,100.00,28.70,Nasi Putih,spoiled
09:16:27,800,482,1109,100.00,28.70,Nasi Putih,spoiled
09:16:57,803,484,1105,100.00,28.70,Nasi Putih,spoiled
09:17:27,806,481,1104,100.00,28.70,Nasi Putih,spoiled
09:17:57,820,485,1111,100.00,28.70,Nasi Putih,spoiled
09:18:27,815,480,1114,100.00,28.70,Nasi Putih,spoiled
09:18:57,811,477,1110,100.00,28.80,Nasi Putih,spoiled
09:19:27,812,482,1104,100.00,28.80,Nasi Putih,spoiled
09:19:57,812,480,1114,100.00,28.80,Nasi Putih,spoiled
09:20:27,815,479,1119,100.00,28.80,Nasi Putih,spoiled
09:20:57,815,483,1118,100.00,28.80,Nasi Putih,spoiled
09:21:27,815,480,1122,100.00,28.80,Nasi Putih,spoiled
09:21:57,816,487,1122,100.00,28.80,Nasi Putih,spoiled
09:22:27,810,483,1121,100.00,28.80,Nasi Putih,spoiled
09:22:57,827,489,1122,100.00,28.80,Nasi Putih,spoiled
01:50:07,816,485,1129,100.00,28.80,Nasi Putih,fresh
09:23:57,818,484,1127,100.00,28.80,Nasi Putih,spoiled
09:24:27,819,486,1125,100.00,28.80,Nasi Putih,spoiled
09:24:57,817,487,1127,100.00,28.80,Nasi Putih,spoiled
09:25:27,814,486,1131,100.00,28.80,Nasi Putih,spoiled
09:25:57,820,484,1126,100.00,28.80,Nasi Putih,spoiled
09:26:27,799,485,1133,100.00,28.80,Nasi Putih,spoiled
09:26:57,819,496,1136,100.00,28.80,Nasi Putih,spoiled
09:27:27,816,490,1134,100.00,28.80,Nasi Putih,spoiled
09:27:57,818,481,1133,100.00,28.80,Nasi Putih,spoiled
09:28:27,821,493,1135,100.00,28.80,Nasi Putih,spoiled
09:28:57,831,480,1127,100.00,28.80,Nasi Putih,spoiled
09:29:27,825,483,1135,100.00,28.90,Nasi Putih,spoiled
09:29:57,823,489,1135,100.00,28.80,Nasi Putih,spoiled
09:30:27,829,486,1135,100.00,28.80,Nasi Putih,spoiled
09:30:57,825,485,1136,100.00,28.80,Nasi Putih,spoiled
09:31:27,822,489,1124,100.00,28.80,Nasi Putih,spoiled
09:31:57,825,482,1141,100.00,28.80,Nasi Putih,spoiled
09:32:27,821,537,1137,100.00,28.80,Nasi Putih,spoiled
09:32:57,827,493,1138,100.00,28.80,Nasi Putih,spoiled
09:33:27,823,486,1142,100.00,28.80,Nasi Putih,spoiled
09:33:57,827,485,1139,100.00,28.80,Nasi Putih,spoiled
09:34:27,832,489,1137,100.00,28.80,Nasi Putih,spoiled
01:50:07,827,489,1138,100.00,28.70,Nasi Putih,fresh
09:35:27,816,486,1139,100.00,28.70,Nasi Putih,spoiled
09:35:57,825,487,1138,100.00,28.70,Nasi Putih,spoiled
09:36:27,827,493,1138,100.00,28.70,Nasi Putih,spoiled
09:36:57,826,483,1140,100.00,28.70,Nasi Putih,spoiled
09:37:27,831,491,1143,100.00,28.70,Nasi Putih,spoiled
09:37:57,829,488,1141,100.00,28.70,Nasi Putih,spoiled
09:38:27,827,485,1139,100.00,28.60,Nasi Putih,spoiled
09:38:57,832,491,1146,100.00,28.60,Nasi Putih,spoiled
09:39:27,838,492,1153,100.00,28.60,Nasi Putih,spoiled
09:39:57,832,493,1146,100.00,28.60,Nasi Putih,spoiled
09:40:27,832,496,1147,100.00,28.60,Nasi Putih,spoiled
09:40:57,830,493,1148,100.00,28.50,Nasi Putih,spoiled
09:41:27,830,495,1143,100.00,28.50,Nasi Putih,spoiled
09:41:57,835,496,1150,100.00,28.50,Nasi Putih,spoiled
09:42:27,837,494,1149,100.00,28.50,Nasi Putih,spoiled
09:42:57,833,491,1162,100.00,28.50,Nasi Putih,spoiled
09:43:27,835,492,1152,100.00,28.50,Nasi Putih,spoiled
09:43:57,837,503,1153,100.00,28.50,Nasi Putih,spoiled
09:44:27,830,487,1152,100.00,28.50,Nasi Putih,spoiled
09:44:57,836,485,1152,100.00,28.50,Nasi Putih,spoiled
09:45:27,837,496,1151,100.00,28.50,Nasi Putih,spoiled
09:45:57,835,496,1155,100.00,28.40,Nasi Putih,spoiled
09:46:27,838,497,1171,100.00,28.40,Nasi Putih,spoiled
09:46:57,838,496,1159,100.00,28.40,Nasi Putih,spoiled
09:47:27,844,496,1159,100.00,28.40,Nasi Putih,spoiled
09:47:57,838,497,1159,100.00,28.40,Nasi Putih,spoiled
09:48:27,839,496,1161,100.00,28.40,Nasi Putih,spoiled
09:48:57,842,496,1150,100.00,28.40,Nasi Putih,spoiled
04:16:07,843,496,1164,100.00,28.40,Nasi Putih,fresh
09:49:57,847,498,1170,100.00,28.40,Nasi Putih,spoiled
09:50:27,848,504,1168,100.00,28.40,Nasi Putih,spoiled
09:50:57,851,511,1166,100.00,28.30,Nasi Putih,spoiled
09:51:27,853,505,1173,100.00,28.30,Nasi Putih,spoiled
09:51:57,852,502,1175,100.00,28.30,Nasi Putih,spoiled
09:52:27,848,505,1174,100.00,28.30,Nasi Putih,spoiled
09:52:57,887,510,1168,100.00,28.30,Nasi Putih,spoiled
09:53:27,864,496,1170,100.00,28.30,Nasi Putih,spoiled
09:53:57,861,508,1171,100.00,28.30,Nasi Putih,spoiled
09:54:27,855,511,1179,100.00,28.20,Nasi Putih,spoiled
09:54:57,862,511,1186,100.00,28.20,Nasi Putih,spoiled
09:55:27,863,510,1183,100.00,28.20,Nasi Putih,spoiled
09:55:57,864,523,1180,100.00,28.20,Nasi Putih,spoiled
09:56:27,866,530,1188,100.00,28.20,Nasi Putih,spoiled
09:56:57,869,527,1187,100.00,28.20,Nasi Putih,spoiled
09:57:27,871,526,1185,100.00,28.20,Nasi Putih,spoiled
09:57:57,875,527,1194,100.00,28.20,Nasi Putih,spoiled
09:58:27,871,531,1197,100.00,28.10,Nasi Putih,spoiled
09:58:57,874,535,1198,100.00,28.20,Nasi Putih,spoiled
09:59:27,880,534,1210,100.00,28.20,Nasi Putih,spoiled
09:59:57,879,535,1200,100.00,28.20,Nasi Putih,spoiled
10:00:27,880,533,1205,100.00,28.30,Nasi Putih,spoiled
10:00:57,883,530,1205,100.00,28.30,Nasi Putih,spoiled
10:01:27,876,542,1201,100.00,28.40,Nasi Putih,spoiled
10:01:57,870,529,1205,100.00,28.40,Nasi Putih,spoiled
10:02:27,881,535,1200,100.00,28.50,Nasi Putih,spoiled
10:02:57,879,539,1203,100.00,28.50,Nasi Putih,spoiled
01:50:07,880,531,1199,100.00,28.50,Nasi Putih,fresh
10:03:57,877,531,1210,100.00,28.50,Nasi Putih,spoiled
10:04:27,880,529,1203,100.00,28.50,Nasi Putih,spoiled
10:04:57,881,531,1203,100.00,28.40,Nasi Putih,spoiled
10:05:27,880,529,1204,100.00,28.40,Nasi Putih,spoiled
02:02:37,880,528,1204,100.00,28.40,Nasi Putih,fresh
02:03:07,883,531,1203,100.00,28.40,Nasi Putih,fresh
10:06:57,880,527,1200,100.00,28.40,Nasi Putih,spoiled
10:07:27,882,529,1253,100.00,28.40,Nasi Putih,spoiled
10:07:57,880,529,1205,100.00,28.40,Nasi Putih,spoiled
01:50:07,880,533,1202,100.00,28.40,Nasi Putih,fresh
10:08:57,880,531,1207,100.00,28.40,Nasi Putih,spoiled
10:09:27,887,539,1217,100.00,28.40,Nasi Putih,spoiled
10:09:57,890,541,1217,100.00,28.50,Nasi Putih,spoiled
10:10:27,893,560,1219,100.00,28.50,Nasi Putih,spoiled
10:10:57,895,546,1217,100.00,28.50,Nasi Putih,spoiled
10:11:27,895,557,1223,100.00,28.60,Nasi Putih,spoiled
10:11:57,897,474,1229,100.00,28.60,Nasi Putih,spoiled
10:12:27,891,546,1225,100.00,28.60,Nasi Putih,spoiled
01:52:57,903,545,1225,100.00,28.60,Nasi Putih,fresh
10:13:27,882,557,1219,100.00,28.60,Nasi Putih,spoiled
10:13:57,902,550,1227,100.00,28.60,Nasi Putih,spoiled
10:14:27,897,549,1230,100.00,28.50,Nasi Putih,spoiled
10:14:57,903,544,1229,100.00,28.50,Nasi Putih,spoiled
10:15:27,901,559,1227,100.00,28.50,Nasi Putih,spoiled
10:15:57,898,550,1216,100.00,28.50,Nasi Putih,spoiled
10:16:27,903,550,1230,100.00,28.50,Nasi Putih,spoiled
01:56:57,903,549,1230,100.00,28.50,Nasi Putih,fresh
10:17:27,899,549,1232,100.00,28.50,Nasi Putih,spoiled
10:17:57,901,548,1233,100.00,28.50,Nasi Putih,spoiled
10:18:27,898,545,1232,100.00,28.50,Nasi Putih,spoiled
10:18:57,901,545,1232,100.00,28.60,Nasi Putih,spoiled
10:19:27,902,546,1232,100.00,28.60,Nasi Putih,spoiled
10:19:57,903,549,1232,100.00,28.60,Nasi Putih,spoiled
10:20:27,901,544,1229,100.00,28.60,Nasi Putih,spoiled
10:20:57,903,542,1230,100.00,28.60,Nasi Putih,spoiled
10:21:27,903,560,1233,100.00,28.70,Nasi Putih,spoiled
10:21:57,910,555,1233,100.00,28.60,Nasi Putih,spoiled
10:22:27,906,548,1235,100.00,28.60,Nasi Putih,spoiled
10:22:57,906,550,1233,100.00,28.60,Nasi Putih,spoiled
10:23:27,902,555,1232,100.00,28.60,Nasi Putih,spoiled
10:23:57,876,553,1232,100.00,28.60,Nasi Putih,spoiled
10:24:27,903,549,1237,100.00,28.50,Nasi Putih,spoiled
10:24:57,902,550,1238,100.00,28.50,Nasi Putih,spoiled
10:25:27,911,555,1233,100.00,28.50,Nasi Putih,spoiled
10:25:57,905,553,1232,100.00,28.50,Nasi Putih,spoiled
10:26:27,906,555,1232,100.00,28.50,Nasi Putih,spoiled
10:26:57,906,551,1232,100.00,28.40,Nasi Putih,spoiled
10:27:27,913,557,1237,100.00,28.40,Nasi Putih,spoiled
10:27:57,895,567,1232,100.00,28.40,Nasi Putih,spoiled
10:28:27,903,558,1234,100.00,28.40,Nasi Putih,spoiled
10:28:57,911,562,1238,100.00,28.50,Nasi Putih,spoiled
10:29:27,900,560,1242,100.00,28.50,Nasi Putih,spoiled
10:29:57,912,559,1243,100.00,28.50,Nasi Putih,spoiled
10:30:27,907,577,1244,100.00,28.60,Nasi Putih,spoiled
10:30:57,909,561,1235,100.00,28.60,Nasi Putih,spoiled
10:31:27,912,562,1217,100.00,28.60,Nasi Putih,spoiled
10:31:57,911,560,1237,100.00,28.60,Nasi Putih,spoiled
10:32:27,907,560,1233,100.00,28.60,Nasi Putih,spoiled
10:32:57,903,559,1250,100.00,28.60,Nasi Putih,spoiled
10:33:27,903,607,1232,100.00,28.60,Nasi Putih,spoiled
10:33:57,891,560,1247,100.00,28.50,Nasi Putih,spoiled
10:34:27,907,557,1238,100.00,28.50,Nasi Putih,spoiled
10:34:57,909,558,1235,100.00,28.50,Nasi Putih,spoiled
10:35:27,912,561,1237,100.00,28.50,Nasi Putih,spoiled
10:35:57,910,559,1241,100.00,28.50,Nasi Putih,spoiled
10:36:27,879,560,1236,100.00,28.40,Nasi Putih,spoiled
10:36:57,905,558,1232,100.00,28.40,Nasi Putih,spoiled
10:37:27,909,560,1234,100.00,28.40,Nasi Putih,spoiled
10:37:57,911,560,1237,100.00,28.50,Nasi Putih,spoiled
10:38:27,907,560,1236,100.00,28.50,Nasi Putih,spoiled
10:38:57,908,564,1239,100.00,28.50,Nasi Putih,spoiled
02:02:47,912,562,1237,100.00,28.60,Nasi Putih,fresh
10:39:57,912,560,1244,100.00,28.60,Nasi Putih,spoiled
10:40:27,912,560,1241,100.00,28.60,Nasi Putih,spoiled
10:40:57,911,560,1236,100.00,28.60,Nasi Putih,spoiled
10:41:27,905,560,1235,100.00,28.60,Nasi Putih,spoiled
10:41:57,912,593,1245,100.00,28.60,Nasi Putih,spoiled
10:42:27,910,560,1232,100.00,28.60,Nasi Putih,spoiled
10:42:57,915,556,1211,100.00,28.70,Nasi Putih,spoiled
10:43:27,913,560,1246,100.00,28.70,Nasi Putih,spoiled
10:43:57,911,565,1245,100.00,28.70,Nasi Putih,spoiled
10:44:27,915,554,1251,100.00,28.80,Nasi Putih,spoiled
10:44:57,919,563,1246,100.00,28.80,Nasi Putih,spoiled
10:45:27,907,563,1233,100.00,28.80,Nasi Putih,spoiled
10:45:57,913,564,1245,100.00,28.80,Nasi Putih,spoiled
10:46:27,914,566,1239,100.00,28.90,Nasi Putih,spoiled
02:26:57,913,563,1245,100.00,28.90,Nasi Putih,fresh
01:54:07,915,564,1243,100.00,28.90,Nasi Putih,fresh
10:47:57,917,561,1245,100.00,28.90,Nasi Putih,spoiled
10:48:27,915,563,1244,100.00,29.00,Nasi Putih,spoiled
10:48:57,915,563,1245,100.00,29.00,Nasi Putih,spoiled
10:49:27,915,565,1245,100.00,29.00,Nasi Putih,spoiled
10:49:57,914,564,1249,100.00,29.00,Nasi Putih,spoiled
10:50:27,917,560,1243,100.00,29.10,Nasi Putih,spoiled
10:50:57,914,563,1248,100.00,29.10,Nasi Putih,spoiled
10:51:27,914,551,1249,100.00,29.10,Nasi Putih,spoiled
10:51:57,912,560,1246,100.00,29.10,Nasi Putih,spoiled
10:52:27,909,563,1242,100.00,29.10,Nasi Putih,spoiled
10:52:57,917,563,1257,100.00,29.10,Nasi Putih,spoiled
10:53:27,912,563,1253,100.00,29.20,Nasi Putih,spoiled
10:53:57,922,562,1251,100.00,29.20,Nasi Putih,spoiled
10:54:27,912,560,1253,100.00,29.20,Nasi Putih,spoiled
10:54:57,917,565,1249,100.00,29.20,Nasi Putih,spoiled
10:55:27,915,570,1248,100.00,29.20,Nasi Putih,spoiled
10:55:57,926,571,1246,100.00,29.20,Nasi Putih,spoiled
10:56:27,920,560,1252,100.00,29.20,Nasi Putih,spoiled
10:56:57,907,566,1249,100.00,29.30,Nasi Putih,spoiled
10:57:27,923,565,1255,100.00,29.30,Nasi Putih,spoiled
10:57:57,918,562,1255,100.00,29.30,Nasi Putih,spoiled
10:58:27,914,561,1254,100.00,29.30,Nasi Putih,spoiled
10:58:57,918,563,1253,100.00,29.30,Nasi Putih,spoiled
10:59:27,919,562,1254,100.00,29.30,Nasi Putih,spoiled
10:59:57,905,562,1253,100.00,29.30,Nasi Putih,spoiled
11:00:27,917,564,1251,100.00,29.30,Nasi Putih,spoiled
11:00:57,919,561,1253,100.00,29.30,Nasi Putih,spoiled
11:01:27,917,565,1262,100.00,29.30,Nasi Putih,spoiled
11:01:57,915,560,1254,100.00,29.40,Nasi Putih,spoiled
11:02:27,917,563,1255,100.00,29.40,Nasi Putih,spoiled
11:02:57,913,562,1255,100.00,29.40,Nasi Putih,spoiled
11:03:27,916,560,1249,100.00,29.40,Nasi Putih,spoiled
11:03:57,919,555,1239,100.00,29.40,Nasi Putih,spoiled
11:04:27,913,565,1252,100.00,29.40,Nasi Putih,spoiled
01:51:37,919,562,1249,100.00,29.40,Nasi Putih,fresh
11:05:27,919,560,1252,100.00,29.40,Nasi Putih,spoiled
11:05:57,917,561,1248,100.00,29.40,Nasi Putih,spoiled
11:06:27,918,560,1254,100.00,29.40,Nasi Putih,spoiled
11:06:57,918,561,1248,100.00,29.40,Nasi Putih,spoiled
11:07:27,913,547,1242,100.00,29.40,Nasi Putih,spoiled
11:07:57,915,560,1242,100.00,29.50,Nasi Putih,spoiled
11:08:27,914,563,1253,100.00,29.50,Nasi Putih,spoiled
11:08:57,918,564,1255,100.00,29.50,Nasi Putih,spoiled
11:09:27,913,560,1248,100.00,29.50,Nasi Putih,spoiled
11:09:57,917,566,1248,100.00,29.50,Nasi Putih,spoiled
11:10:27,915,563,1249,100.00,29.50,Nasi Putih,spoiled
11:10:57,912,560,1243,100.00,29.50,Nasi Putih,spoiled
11:11:27,918,565,1246,100.00,29.50,Nasi Putih,spoiled
02:01:57,922,560,1255,100.00,29.50,Nasi Putih,fresh
11:12:27,913,561,1250,100.00,29.50,Nasi Putih,spoiled
11:12:57,915,567,1264,100.00,29.50,Nasi Putih,spoiled
11:13:27,914,564,1249,100.00,29.50,Nasi Putih,spoiled
11:13:57,912,561,1250,100.00,29.50,Nasi Putih,spoiled
11:14:27,914,563,1254,100.00,29.50,Nasi Putih,spoiled
11:14:57,915,564,1247,100.00,29.50,Nasi Putih,spoiled
11:15:27,914,560,1249,100.00,29.50,Nasi Putih,spoiled
11:15:57,914,560,1249,100.00,29.50,Nasi Putih,spoiled
11:16:27,917,564,1241,100.00,29.60,Nasi Putih,spoiled
11:16:57,910,563,1262,100.00,29.60,Nasi Putih,spoiled
01:50:47,913,558,1246,100.00,29.60,Nasi Putih,fresh
11:17:57,912,560,1253,100.00,29.60,Nasi Putih,spoiled
11:18:27,911,564,1250,100.00,29.60,Nasi Putih,spoiled
11:18:57,913,555,1245,100.00,29.60,Nasi Putih,spoiled
11:19:27,912,560,1250,100.00,29.60,Nasi Putih,spoiled
11:19:57,913,577,1248,100.00,29.60,Nasi Putih,spoiled
11:20:27,914,560,1250,100.00,29.60,Nasi Putih,spoiled
11:20:57,915,560,1249,100.00,29.60,Nasi Putih,spoiled
11:21:27,917,564,1249,100.00,29.60,Nasi Putih,spoiled
11:21:57,914,561,1247,100.00,29.60,Nasi Putih,spoiled
11:22:27,912,557,1252,100.00,29.60,Nasi Putih,spoiled
11:22:57,913,560,1247,100.00,29.60,Nasi Putih,spoiled
11:23:27,912,562,1249,100.00,29.60,Nasi Putih,spoiled
11:23:57,949,564,1260,100.00,29.60,Nasi Putih,spoiled
11:24:27,913,556,1249,100.00,29.60,Nasi Putih,spoiled
11:24:57,912,560,1244,100.00,29.60,Nasi Putih,spoiled
11:25:27,912,565,1253,100.00,29.60,Nasi Putih,spoiled
11:25:57,913,567,1252,100.00,29.60,Nasi Putih,spoiled
11:26:27,914,565,1245,100.00,29.70,Nasi Putih,spoiled
11:26:57,913,543,1249,100.00,29.70,Nasi Putih,spoiled
11:27:27,912,561,1238,100.00,29.70,Nasi Putih,spoiled
11:27:57,915,560,1245,100.00,29.70,Nasi Putih,spoiled
11:28:27,900,579,1243,100.00,29.70,Nasi Putih,spoiled
11:28:57,914,564,1245,100.00,29.70,Nasi Putih,spoiled
11:29:27,929,560,1246,100.00,29.70,Nasi Putih,spoiled
11:29:57,912,562,1250,100.00,29.70,Nasi Putih,spoiled
11:30:27,912,563,1245,100.00,29.70,Nasi Putih,spoiled
11:30:57,912,561,1247,100.00,29.70,Nasi Putih,spoiled
11:31:27,916,561,1244,100.00,29.70,Nasi Putih,spoiled
11:31:57,912,560,1251,100.00,29.70,Nasi Putih,spoiled
03:12:27,912,563,1248,100.00,29.70,Nasi Putih,fresh
11:32:57,923,560,1247,100.00,29.70,Nasi Putih,spoiled
11:33:27,913,561,1250,100.00,29.70,Nasi Putih,spoiled
11:33:57,913,560,1247,100.00,29.70,Nasi Putih,spoiled
11:34:27,903,560,1248,100.00,29.70,Nasi Putih,spoiled
11:34:57,912,560,1246,100.00,29.70,Nasi Putih,spoiled
11:35:27,907,561,1248,100.00,29.70,Nasi Putih,spoiled
11:35:57,912,546,1239,100.00,29.70,Nasi Putih,spoiled
11:36:27,917,558,1215,100.00,29.70,Nasi Putih,spoiled
11:36:57,912,561,1248,100.00,29.70,Nasi Putih,spoiled
01:50:07,910,560,1250,100.00,29.70,Nasi Putih,fresh
01:54:37,913,562,1245,100.00,29.70,Nasi Putih,fresh
11:38:27,912,561,1247,100.00,29.70,Nasi Putih,spoiled
11:38:57,898,560,1247,100.00,29.70,Nasi Putih,spoiled
11:39:27,907,562,1246,100.00,29.70,Nasi Putih,spoiled
11:39:57,912,561,1243,100.00,29.70,Nasi Putih,spoiled
11:40:27,911,560,1246,100.00,29.70,Nasi Putih,spoiled
11:40:57,912,560,1250,100.00,29.70,Nasi Putih,spoiled
11:41:27,912,560,1248,100.00,29.70,Nasi Putih,spoiled
11:41:57,912,567,1255,100.00,29.70,Nasi Putih,spoiled
11:42:27,913,560,1243,100.00,29.80,Nasi Putih,spoiled
11:42:57,913,565,1247,100.00,29.80,Nasi Putih,spoiled
11:43:27,914,563,1249,100.00,29.70,Nasi Putih,spoiled
11:43:57,908,570,1242,100.00,29.80,Nasi Putih,spoiled
11:44:27,912,562,1246,100.00,29.70,Nasi Putih,spoiled
03:24:57,912,562,1242,100.00,29.70,Nasi Putih,fresh
11:45:27,912,563,1248,100.00,29.80,Nasi Putih,spoiled
11:45:57,912,560,1249,100.00,29.80,Nasi Putih,spoiled
11:46:27,912,560,1244,100.00,29.80,Nasi Putih,spoiled
11:46:57,914,560,1241,100.00,29.80,Nasi Putih,spoiled
11:47:27,910,567,1248,100.00,29.80,Nasi Putih,spoiled
11:47:57,912,563,1239,100.00,29.80,Nasi Putih,spoiled
11:48:27,912,562,1245,100.00,29.80,Nasi Putih,spoiled
03:28:57,910,560,1245,100.00,29.80,Nasi Putih,fresh
03:29:27,912,562,1242,100.00,29.80,Nasi Putih,fresh
03:29:57,914,561,1249,100.00,29.80,Nasi Putih,fresh
11:50:27,912,560,1242,100.00,29.80,Nasi Putih,spoiled
11:50:57,911,569,1234,100.00,29.80,Nasi Putih,spoiled
11:51:27,910,566,1246,100.00,29.80,Nasi Putih,spoiled
11:51:57,912,570,1240,100.00,29.80,Nasi Putih,spoiled
11:52:27,911,563,1248,100.00,29.80,Nasi Putih,spoiled
11:52:57,908,565,1242,100.00,29.80,Nasi Putih,spoiled
11:53:27,912,562,1238,100.00,29.80,Nasi Putih,spoiled
11:53:57,910,566,1241,100.00,29.80,Nasi Putih,spoiled
11:54:27,912,560,1238,100.00,29.80,Nasi Putih,spoiled
11:54:57,911,563,1242,100.00,29.80,Nasi Putih,spoiled
11:55:27,911,551,1248,100.00,29.80,Nasi Putih,spoiled
11:55:57,910,564,1243,100.00,29.80,Nasi Putih,spoiled
11:56:27,912,579,1244,100.00,29.80,Nasi Putih,spoiled
11:56:57,911,562,1271,100.00,29.80,Nasi Putih,spoiled
11:57:27,915,564,1249,100.00,29.80,Nasi Putih,spoiled
03:37:57,912,599,1242,100.00,29.80,Nasi Putih,fresh
11:58:27,912,562,1238,100.00,29.80,Nasi Putih,spoiled
11:58:57,914,565,1244,100.00,29.80,Nasi Putih,spoiled
01:59:27,914,560,1245,100.00,29.80,Nasi Putih,fresh
01:59:57,912,565,1247,100.00,29.80,Nasi Putih,fresh
12:00:27,912,567,1239,100.00,29.80,Nasi Putih,spoiled
12:00:57,910,580,1262,100.00,29.80,Nasi Putih,spoiled
12:01:27,912,566,1242,100.00,29.80,Nasi Putih,spoiled
12:01:57,911,577,1245,100.00,29.80,Nasi Putih,spoiled
12:02:27,912,565,1245,100.00,29.80,Nasi Putih,spoiled
12:02:57,911,562,1236,100.00,29.80,Nasi Putih,spoiled
12:03:27,911,566,1246,100.00,29.80,Nasi Putih,spoiled
12:03:57,911,562,1235,100.00,29.80,Nasi Putih,spoiled
12:04:27,912,561,1242,100.00,29.80,Nasi Putih,spoiled
03:44:57,911,561,1244,100.00,29.80,Nasi Putih,fresh
12:05:27,912,562,1245,100.00,29.80,Nasi Putih,spoiled
12:05:57,910,560,1251,100.00,29.80,Nasi Putih,spoiled
12:06:27,915,560,1238,100.00,29.80,Nasi Putih,spoiled
12:06:57,912,566,1232,100.00,29.80,Nasi Putih,spoiled
12:07:27,912,576,1243,100.00,29.80,Nasi Putih,spoiled
12:07:57,912,563,1246,100.00,29.80,Nasi Putih,spoiled
12:08:27,909,570,1241,100.00,29.80,Nasi Putih,spoiled
12:08:57,912,566,1239,100.00,29.80,Nasi Putih,spoiled
12:09:27,912,567,1247,100.00,29.80,Nasi Putih,spoiled
12:09:57,912,567,1238,100.00,29.80,Nasi Putih,spoiled
12:10:27,912,571,1238,100.00,29.80,Nasi Putih,spoiled
12:10:57,919,570,1231,100.00,29.80,Nasi Putih,spoiled
12:11:27,912,573,1238,100.00,29.80,Nasi Putih,spoiled
12:11:57,906,570,1260,100.00,29.80,Nasi Putih,spoiled
12:12:27,918,565,1241,100.00,29.80,Nasi Putih,spoiled
12:12:57,903,572,1237,100.00,29.80,Nasi Putih,spoiled
12:13:27,912,534,1245,100.00,29.80,Nasi Putih,spoiled
12:13:57,910,563,1235,100.00,29.80,Nasi Putih,spoiled
12:14:27,928,581,1236,100.00,29.80,Nasi Putih,spoiled
12:14:57,910,561,1226,100.00,29.80,Nasi Putih,spoiled
01:50:27,907,562,1232,100.00,29.80,Nasi Putih,fresh
12:15:57,910,679,1232,100.00,29.80,Nasi Putih,spoiled
12:16:27,910,563,1229,100.00,29.80,Nasi Putih,spoiled
12:16:57,911,570,1239,100.00,29.80,Nasi Putih,spoiled
12:17:27,915,562,1247,100.00,29.80,Nasi Putih,spoiled
12:17:57,912,567,1236,100.00,29.80,Nasi Putih,spoiled
12:18:27,910,569,1239,100.00,29.80,Nasi Putih,spoiled
12:18:57,909,567,1247,100.00,29.80,Nasi Putih,spoiled
12:19:27,912,568,1239,100.00,29.80,Nasi Putih,spoiled
12:19:57,914,573,1238,100.00,29.80,Nasi Putih,spoiled
12:20:27,903,563,1245,100.00,29.80,Nasi Putih,spoiled
12:20:57,911,578,1239,100.00,29.80,Nasi Putih,spoiled
12:21:27,907,567,1241,100.00,29.80,Nasi Putih,spoiled
12:21:57,909,560,1235,100.00,29.80,Nasi Putih,spoiled
12:22:27,925,565,1236,100.00,29.80,Nasi Putih,spoiled
12:22:57,907,569,1236,100.00,29.90,Nasi Putih,spoiled
12:23:27,912,568,1239,100.00,29.80,Nasi Putih,spoiled
12:23:57,905,569,1241,100.00,29.80,Nasi Putih,spoiled
12:24:27,912,587,1231,100.00,29.80,Nasi Putih,spoiled
12:24:57,915,575,1239,100.00,29.80,Nasi Putih,spoiled
12:25:27,912,575,1238,100.00,29.80,Nasi Putih,spoiled
12:25:57,913,576,1243,100.00,29.90,Nasi Putih,spoiled
12:26:27,912,569,1237,100.00,29.80,Nasi Putih,spoiled
12:26:57,917,577,1248,100.00,29.80,Nasi Putih,spoiled
12:27:27,912,571,1243,100.00,29.80,Nasi Putih,spoiled
12:27:57,912,577,1243,100.00,29.80,Nasi Putih,spoiled
12:28:27,913,577,1249,100.00,29.80,Nasi Putih,spoiled
12:28:57,913,577,1244,100.00,29.90,Nasi Putih,spoiled
12:29:27,913,576,1243,100.00,29.80,Nasi Putih,spoiled
12:29:57,913,569,1246,100.00,29.80,Nasi Putih,spoiled
12:30:27,912,576,1239,100.00,29.80,Nasi Putih,spoiled
12:30:57,912,576,1243,100.00,29.80,Nasi Putih,spoiled
12:31:27,914,577,1242,100.00,29.80,Nasi Putih,spoiled
12:31:57,913,576,1263,100.00,29.80,Nasi Putih,spoiled
12:32:27,917,528,1237,100.00,29.80,Nasi Putih,spoiled
12:32:57,912,579,1245,100.00,29.80,Nasi Putih,spoiled
12:33:27,917,578,1240,100.00,29.90,Nasi Putih,spoiled
12:33:57,913,575,1243,100.00,29.90,Nasi Putih,spoiled
12:34:27,913,578,1244,100.00,29.90,Nasi Putih,spoiled
12:34:57,915,577,1241,100.00,29.80,Nasi Putih,spoiled
12:35:27,912,580,1241,100.00,29.80,Nasi Putih,spoiled
12:35:57,915,592,1234,100.00,29.80,Nasi Putih,spoiled
12:36:27,912,576,1246,100.00,29.80,Nasi Putih,spoiled
12:36:57,913,574,1221,100.00,29.80,Nasi Putih,spoiled
12:37:27,921,581,1231,100.00,29.90,Nasi Putih,spoiled
02:04:37,918,583,1242,100.00,29.90,Nasi Putih,fresh
12:38:27,911,591,1247,100.00,29.80,Nasi Putih,spoiled
12:38:57,915,587,1242,100.00,29.80,Nasi Putih,spoiled
12:39:27,912,582,1246,100.00,29.80,Nasi Putih,spoiled
12:39:57,914,582,1239,100.00,29.90,Nasi Putih,spoiled
12:40:27,915,587,1243,100.00,29.90,Nasi Putih,spoiled
12:40:57,914,578,1245,100.00,29.90,Nasi Putih,spoiled
12:41:27,917,579,1241,100.00,29.90,Nasi Putih,spoiled
12:41:57,915,586,1237,100.00,29.90,Nasi Putih,spoiled
12:42:27,916,579,1251,100.00,29.90,Nasi Putih,spoiled
12:42:57,915,581,1247,100.00,29.90,Nasi Putih,spoiled
01:53:27,914,595,1254,100.00,29.90,Nasi Putih,fresh
12:43:57,917,575,1249,100.00,29.90,Nasi Putih,spoiled
12:44:27,918,582,1248,100.00,29.90,Nasi Putih,spoiled
12:44:57,926,590,1243,100.00,29.90,Nasi Putih,spoiled
12:45:27,923,584,1243,100.00,29.90,Nasi Putih,spoiled
04:25:57,928,587,1247,100.00,29.90,Nasi Putih,fresh
12:46:27,915,587,1246,100.00,29.90,Nasi Putih,spoiled
12:46:57,922,586,1248,100.00,29.90,Nasi Putih,spoiled
12:47:27,939,587,1240,100.00,29.90,Nasi Putih,spoiled
12:47:57,916,587,1243,100.00,29.90,Nasi Putih,spoiled
12:48:27,919,586,1246,100.00,29.90,Nasi Putih,spoiled
12:48:57,917,582,1233,100.00,29.90,Nasi Putih,spoiled
12:49:27,914,589,1248,100.00,29.90,Nasi Putih,spoiled
12:49:57,914,598,1237,100.00,29.90,Nasi Putih,spoiled
02:00:27,918,581,1242,100.00,29.90,Nasi Putih,fresh
12:50:57,922,590,1245,100.00,29.90,Nasi Putih,spoiled
12:51:27,914,594,1250,100.00,29.90,Nasi Putih,spoiled
12:51:57,902,589,1242,100.00,29.90,Nasi Putih,spoiled
12:52:27,919,586,1242,100.00,29.90,Nasi Putih,spoiled
12:52:57,898,590,1244,100.00,29.90,Nasi Putih,spoiled
12:53:27,913,589,1245,100.00,29.90,Nasi Putih,spoiled
12:53:57,916,583,1249,100.00,29.90,Nasi Putih,spoiled
12:54:27,922,580,1246,100.00,29.90,Nasi Putih,spoiled
12:54:57,914,586,1243,100.00,29.90,Nasi Putih,spoiled
12:55:27,918,589,1295,100.00,29.90,Nasi Putih,spoiled
12:55:57,923,587,1244,100.00,29.90,Nasi Putih,spoiled
12:56:27,913,591,1243,100.00,29.90,Nasi Putih,spoiled
12:56:57,933,590,1239,100.00,29.90,Nasi Putih,spoiled
12:57:27,917,590,1244,100.00,29.90,Nasi Putih,spoiled
12:57:57,915,591,1247,100.00,29.90,Nasi Putih,spoiled
12:58:27,917,587,1264,100.00,29.90,Nasi Putih,spoiled
12:58:57,915,581,1255,100.00,29.90,Nasi Putih,spoiled
12:59:27,912,591,1215,100.00,29.90,Nasi Putih,spoiled
01:53:17,918,591,1245,100.00,29.90,Nasi Putih,fresh
13:00:27,918,589,1239,100.00,29.90,Nasi Putih,spoiled
13:00:57,919,592,1248,100.00,29.90,Nasi Putih,spoiled
13:01:27,926,592,1241,100.00,29.90,Nasi Putih,spoiled
13:01:57,919,592,1253,100.00,29.90,Nasi Putih,spoiled
13:02:27,917,588,1245,100.00,29.80,Nasi Putih,spoiled
13:02:57,923,592,1247,100.00,29.90,Nasi Putih,spoiled
13:03:27,917,608,1242,100.00,29.90,Nasi Putih,spoiled
13:03:57,909,592,1238,100.00,29.90,Nasi Putih,spoiled
13:04:27,918,594,1238,100.00,29.90,Nasi Putih,spoiled
13:04:57,923,592,1251,100.00,29.90,Nasi Putih,spoiled
13:05:27,914,587,1238,100.00,29.80,Nasi Putih,spoiled
13:05:57,914,592,1241,100.00,29.90,Nasi Putih,spoiled
13:06:27,916,587,1239,100.00,29.90,Nasi Putih,spoiled
13:06:57,921,588,1233,100.00,29.90,Nasi Putih,spoiled
13:07:27,914,592,1259,100.00,29.90,Nasi Putih,spoiled
13:07:57,915,592,1234,100.00,29.90,Nasi Putih,spoiled
13:08:27,919,592,1247,100.00,29.90,Nasi Putih,spoiled
13:08:57,916,592,1243,100.00,29.90,Nasi Putih,spoiled
13:09:27,929,589,1239,100.00,29.90,Nasi Putih,spoiled
13:09:57,921,592,1238,100.00,29.90,Nasi Putih,spoiled
13:10:27,917,592,1243,100.00,29.90,Nasi Putih,spoiled
13:10:57,918,592,1238,100.00,29.90,Nasi Putih,spoiled
13:11:27,921,590,1244,100.00,29.90,Nasi Putih,spoiled
13:11:57,922,592,1248,100.00,29.90,Nasi Putih,spoiled
13:12:27,918,592,1243,100.00,29.90,Nasi Putih,spoiled
13:12:57,922,593,1242,100.00,29.90,Nasi Putih,spoiled
13:13:27,915,592,1241,100.00,29.90,Nasi Putih,spoiled
01:50:37,917,598,1242,100.00,29.90,Nasi Putih,fresh
13:14:27,917,583,1246,100.00,29.90,Nasi Putih,spoiled
13:14:57,920,599,1243,100.00,29.90,Nasi Putih,spoiled
13:15:27,920,592,1237,100.00,29.90,Nasi Putih,spoiled
13:15:57,921,592,1233,100.00,29.90,Nasi Putih,spoiled
13:16:27,918,565,1238,100.00,29.90,Nasi Putih,spoiled
13:16:57,920,578,1243,100.00,29.90,Nasi Putih,spoiled
13:17:27,912,593,1248,100.00,29.90,Nasi Putih,spoiled
13:17:57,919,593,1242,100.00,29.90,Nasi Putih,spoiled
13:18:27,917,576,1258,100.00,29.90,Nasi Putih,spoiled
13:18:57,917,595,1237,100.00,29.90,Nasi Putih,spoiled
13:19:27,915,592,1235,100.00,29.90,Nasi Putih,spoiled
13:19:57,919,592,1238,100.00,29.90,Nasi Putih,spoiled
13:20:27,916,592,1236,100.00,29.90,Nasi Putih,spoiled
13:20:57,937,597,1236,100.00,29.90,Nasi Putih,spoiled
13:21:27,917,592,1248,100.00,29.90,Nasi Putih,spoiled
13:21:57,913,592,1238,100.00,29.90,Nasi Putih,spoiled
13:22:27,912,598,1239,100.00,29.90,Nasi Putih,spoiled
13:22:57,915,592,1232,100.00,29.90,Nasi Putih,spoiled
13:23:27,919,597,1245,100.00,29.90,Nasi Putih,spoiled
13:23:57,910,592,1237,100.00,29.90,Nasi Putih,spoiled
02:17:47,920,603,1237,100.00,29.90,Nasi Putih,fresh
13:24:57,922,597,1243,100.00,29.90,Nasi Putih,spoiled
13:25:27,912,599,1243,100.00,29.90,Nasi Putih,spoiled
13:25:57,927,610,1238,100.00,29.90,Nasi Putih,spoiled
13:26:27,924,605,1241,100.00,29.90,Nasi Putih,spoiled
13:26:57,918,598,1235,100.00,29.90,Nasi Putih,spoiled
13:27:27,915,596,1239,100.00,29.90,Nasi Putih,spoiled
02:21:17,921,605,1253,100.00,29.90,Nasi Putih,fresh
13:28:27,925,599,1255,100.00,29.90,Nasi Putih,spoiled
13:28:57,919,599,1243,100.00,29.90,Nasi Putih,spoiled
13:29:27,920,603,1240,100.00,29.90,Nasi Putih,spoiled
13:29:57,925,604,1245,100.00,29.90,Nasi Putih,spoiled
13:30:27,929,605,1243,100.00,29.90,Nasi Putih,spoiled
13:30:57,923,598,1242,100.00,29.90,Nasi Putih,spoiled
13:31:27,921,599,1245,100.00,29.90,Nasi Putih,spoiled
13:31:57,919,606,1245,100.00,29.90,Nasi Putih,spoiled
13:32:27,923,604,1247,100.00,29.90,Nasi Putih,spoiled
13:32:57,926,607,1246,100.00,29.90,Nasi Putih,spoiled
13:33:27,926,613,1244,100.00,29.90,Nasi Putih,spoiled
13:33:57,936,604,1247,100.00,29.90,Nasi Putih,spoiled
13:34:27,933,606,1241,100.00,29.90,Nasi Putih,spoiled
13:34:57,926,605,1248,100.00,29.90,Nasi Putih,spoiled
13:35:27,928,610,1247,100.00,29.90,Nasi Putih,spoiled
13:35:57,926,606,1239,100.00,29.80,Nasi Putih,spoiled
13:36:27,933,601,1242,100.00,29.90,Nasi Putih,spoiled
13:36:57,923,606,1243,100.00,29.90,Nasi Putih,spoiled
13:37:27,926,603,1237,100.00,29.90,Nasi Putih,spoiled
13:37:57,931,614,1254,100.00,29.90,Nasi Putih,spoiled
13:38:27,927,599,1247,100.00,29.90,Nasi Putih,spoiled
13:38:57,925,608,1247,100.00,29.90,Nasi Putih,spoiled
13:39:27,927,607,1252,100.00,29.90,Nasi Putih,spoiled
13:39:57,926,608,1246,100.00,29.90,Nasi Putih,spoiled
13:40:27,933,608,1245,100.00,29.90,Nasi Putih,spoiled
13:40:57,930,607,1245,100.00,29.90,Nasi Putih,spoiled
13:41:27,930,602,1250,100.00,29.90,Nasi Putih,spoiled
13:41:57,929,611,1253,100.00,29.90,Nasi Putih,spoiled
13:42:27,926,609,1251,100.00,29.80,Nasi Putih,spoiled
13:42:57,921,610,1245,100.00,29.90,Nasi Putih,spoiled
13:43:27,918,610,1253,100.00,29.90,Nasi Putih,spoiled
13:43:57,927,609,1247,100.00,29.90,Nasi Putih,spoiled
13:44:27,928,611,1237,100.00,29.90,Nasi Putih,spoiled
02:04:57,927,609,1236,100.00,29.90,Nasi Putih,fresh
13:45:27,930,607,1248,100.00,29.80,Nasi Putih,spoiled
13:45:57,931,611,1248,100.00,29.90,Nasi Putih,spoiled
13:46:27,930,611,1243,100.00,29.90,Nasi Putih,spoiled
13:46:57,931,609,1248,100.00,29.90,Nasi Putih,spoiled
13:47:27,935,613,1258,100.00,29.90,Nasi Putih,spoiled
13:47:57,933,617,1248,100.00,29.90,Nasi Putih,spoiled
01:51:47,927,621,1246,100.00,29.90,Nasi Putih,fresh
13:48:57,933,611,1239,100.00,29.90,Nasi Putih,spoiled
13:49:27,926,604,1241,100.00,29.80,Nasi Putih,spoiled
13:49:57,927,607,1248,100.00,29.90,Nasi Putih,spoiled
01:53:47,928,599,1255,100.00,29.90,Nasi Putih,fresh
13:50:57,931,616,1247,100.00,29.90,Nasi Putih,spoiled
13:51:27,934,621,1249,100.00,29.90,Nasi Putih,spoiled
13:51:57,931,622,1253,100.00,29.90,Nasi Putih,spoiled
13:52:27,934,622,1242,100.00,29.90,Nasi Putih,spoiled
13:52:57,933,615,1261,100.00,29.80,Nasi Putih,spoiled
13:53:27,934,618,1248,100.00,29.90,Nasi Putih,spoiled
13:53:57,935,623,1250,100.00,29.90,Nasi Putih,spoiled
13:54:27,938,623,1259,100.00,29.90,Nasi Putih,spoiled
01:58:17,938,624,1259,100.00,29.90,Nasi Putih,fresh
13:55:27,938,621,1257,100.00,29.90,Nasi Putih,spoiled
13:55:57,935,619,1254,100.00,29.90,Nasi Putih,spoiled
01:59:47,935,621,1257,100.00,29.80,Nasi Putih,fresh
13:56:57,938,623,1237,100.00,29.90,Nasi Putih,spoiled
13:57:27,938,620,1258,100.00,29.90,Nasi Putih,spoiled
13:57:57,942,624,1263,100.00,29.80,Nasi Putih,spoiled
13:58:27,929,612,1254,100.00,29.80,Nasi Putih,spoiled
13:58:57,927,618,1243,100.00,29.90,Nasi Putih,spoiled
13:59:27,927,612,1245,100.00,29.90,Nasi Putih,spoiled
13:59:57,924,610,1245,100.00,29.90,Nasi Putih,spoiled
14:00:27,931,611,1251,100.00,29.90,Nasi Putih,spoiled
14:00:57,924,623,1234,100.00,29.90,Nasi Putih,spoiled
14:01:27,919,612,1253,100.00,29.90,Nasi Putih,spoiled
14:01:57,915,619,1241,100.00,29.90,Nasi Putih,spoiled
14:02:27,922,659,1245,100.00,29.90,Nasi Putih,spoiled
14:02:57,923,620,1239,100.00,29.90,Nasi Putih,spoiled
14:03:27,925,609,1232,100.00,29.90,Nasi Putih,spoiled
14:03:57,927,609,1243,100.00,29.90,Nasi Putih,spoiled
14:04:27,922,612,1239,100.00,29.90,Nasi Putih,spoiled
14:04:57,921,611,1241,100.00,29.90,Nasi Putih,spoiled
14:05:27,921,608,1239,100.00,29.90,Nasi Putih,spoiled
14:05:57,925,609,1237,100.00,29.90,Nasi Putih,spoiled
14:06:27,924,606,1238,100.00,29.90,Nasi Putih,spoiled
14:06:57,926,615,1234,100.00,29.90,Nasi Putih,spoiled
14:07:27,922,610,1233,100.00,29.90,Nasi Putih,spoiled
14:07:57,924,620,1242,100.00,29.90,Nasi Putih,spoiled
01:55:07,927,614,1238,100.00,29.90,Nasi Putih,fresh
03:02:17,925,613,1234,100.00,29.90,Nasi Putih,fresh
14:09:27,919,623,1230,100.00,29.90,Nasi Putih,spoiled
14:09:57,922,615,1235,100.00,29.90,Nasi Putih,spoiled
14:10:27,925,613,1239,100.00,29.90,Nasi Putih,spoiled
14:10:57,925,602,1239,100.00,29.80,Nasi Putih,spoiled
14:11:27,923,615,1248,100.00,29.90,Nasi Putih,spoiled
14:11:57,924,609,1241,100.00,29.90,Nasi Putih,spoiled
14:12:27,926,614,1243,100.00,29.80,Nasi Putih,spoiled
14:12:57,925,610,1237,100.00,29.80,Nasi Putih,spoiled
14:13:27,924,613,1238,100.00,29.90,Nasi Putih,spoiled
14:13:57,926,618,1243,100.00,29.80,Nasi Putih,spoiled
14:14:27,928,615,1238,100.00,29.80,Nasi Putih,spoiled
14:14:57,928,609,1248,100.00,29.80,Nasi Putih,spoiled
14:15:27,926,608,1241,100.00,29.90,Nasi Putih,spoiled
14:15:57,928,610,1238,100.00,29.80,Nasi Putih,spoiled
14:16:27,925,610,1237,100.00,29.90,Nasi Putih,spoiled
14:16:57,930,615,1245,100.00,29.80,Nasi Putih,spoiled
14:17:27,926,613,1235,100.00,29.80,Nasi Putih,spoiled
14:17:57,924,610,1235,100.00,29.80,Nasi Putih,spoiled
14:18:27,922,615,1236,100.00,29.80,Nasi Putih,spoiled
14:18:57,923,606,1237,100.00,29.80,Nasi Putih,spoiled
14:19:27,922,615,1232,100.00,29.80,Nasi Putih,spoiled
03:13:17,925,611,1238,100.00,29.90,Nasi Putih,fresh
14:20:27,928,613,1247,100.00,29.80,Nasi Putih,spoiled
14:20:57,922,613,1237,100.00,29.90,Nasi Putih,spoiled
14:21:27,921,609,1238,100.00,29.90,Nasi Putih,spoiled
14:21:57,931,610,1241,100.00,29.90,Nasi Putih,spoiled
14:22:27,921,629,1239,100.00,29.80,Nasi Putih,spoiled
14:22:57,925,614,1245,100.00,29.90,Nasi Putih,spoiled
14:23:27,928,622,1243,100.00,29.80,Nasi Putih,spoiled
14:23:57,930,618,1239,100.00,29.90,Nasi Putih,spoiled
14:24:27,927,613,1246,100.00,29.90,Nasi Putih,spoiled
14:24:57,931,615,1242,100.00,29.90,Nasi Putih,spoiled
14:25:27,931,605,1237,100.00,29.90,Nasi Putih,spoiled
14:25:57,926,617,1238,100.00,29.90,Nasi Putih,spoiled
14:26:27,927,606,1231,100.00,29.90,Nasi Putih,spoiled
14:26:57,928,615,1237,100.00,29.90,Nasi Putih,spoiled
14:27:27,931,618,1245,100.00,29.90,Nasi Putih,spoiled
14:27:57,929,615,1246,100.00,29.90,Nasi Putih,spoiled
14:28:27,930,612,1244,100.00,29.90,Nasi Putih,spoiled
14:28:57,933,613,1241,100.00,29.90,Nasi Putih,spoiled
14:29:27,934,615,1239,100.00,29.90,Nasi Putih,spoiled
14:29:57,930,617,1243,100.00,29.90,Nasi Putih,spoiled
14:30:27,938,611,1242,100.00,29.80,Nasi Putih,spoiled
14:30:57,942,610,1235,100.00,29.90,Nasi Putih,spoiled
14:31:27,935,619,1251,100.00,29.90,Nasi Putih,spoiled
14:31:57,931,619,1244,100.00,29.90,Nasi Putih,spoiled
14:32:27,938,618,1243,100.00,29.80,Nasi Putih,spoiled
14:32:57,930,630,1243,100.00,29.90,Nasi Putih,spoiled
14:33:27,934,621,1248,100.00,29.90,Nasi Putih,spoiled
14:33:57,933,598,1234,100.00,29.90,Nasi Putih,spoiled
14:34:27,935,617,1247,100.00,29.80,Nasi Putih,spoiled
14:34:57,933,613,1249,100.00,29.90,Nasi Putih,spoiled
14:35:27,944,621,1243,100.00,29.90,Nasi Putih,spoiled
14:35:57,937,621,1246,100.00,29.90,Nasi Putih,spoiled
02:06:27,931,619,1244,100.00,29.90,Nasi Putih,fresh
14:36:57,941,622,1248,100.00,29.90,Nasi Putih,spoiled
14:37:27,933,621,1251,100.00,29.80,Nasi Putih,spoiled
14:37:57,935,623,1246,100.00,29.90,Nasi Putih,spoiled
14:38:27,942,624,1251,100.00,29.90,Nasi Putih,spoiled
14:38:57,939,619,1251,100.00,29.80,Nasi Putih,spoiled
14:39:27,940,619,1250,100.00,29.80,Nasi Putih,spoiled
14:39:57,939,615,1249,100.00,29.80,Nasi Putih,spoiled
14:40:27,942,624,1255,100.00,29.80,Nasi Putih,spoiled
14:40:57,939,618,1248,100.00,29.80,Nasi Putih,spoiled
14:41:27,935,623,1248,100.00,29.80,Nasi Putih,spoiled
14:41:57,944,633,1256,100.00,29.80,Nasi Putih,spoiled
14:42:27,942,621,1252,100.00,29.80,Nasi Putih,spoiled
14:42:57,934,619,1250,100.00,29.80,Nasi Putih,spoiled
14:43:27,945,621,1258,100.00,29.80,Nasi Putih,spoiled
03:37:17,933,625,1250,100.00,29.80,Nasi Putih,fresh
14:44:27,933,621,1253,100.00,29.80,Nasi Putih,spoiled
14:44:57,939,620,1250,100.00,29.80,Nasi Putih,spoiled
14:45:27,938,623,1250,100.00,29.80,Nasi Putih,spoiled
14:45:57,933,615,1249,100.00,29.80,Nasi Putih,spoiled
14:46:27,935,618,1249,100.00,29.80,Nasi Putih,spoiled
14:46:57,942,621,1255,100.00,29.80,Nasi Putih,spoiled
14:47:27,940,638,1254,100.00,29.80,Nasi Putih,spoiled
14:47:57,938,620,1247,100.00,29.80,Nasi Putih,spoiled
14:48:27,943,619,1251,100.00,29.80,Nasi Putih,spoiled
14:48:57,937,621,1250,100.00,29.80,Nasi Putih,spoiled
14:49:27,935,619,1248,100.00,29.80,Nasi Putih,spoiled
14:49:57,941,643,1247,100.00,29.80,Nasi Putih,spoiled
14:50:27,937,615,1242,100.00,29.80,Nasi Putih,spoiled
14:50:57,941,621,1251,100.00,29.80,Nasi Putih,spoiled
03:44:47,930,618,1248,100.00,29.80,Nasi Putih,fresh
14:51:57,939,616,1241,100.00,29.80,Nasi Putih,spoiled
14:52:27,935,616,1251,100.00,29.80,Nasi Putih,spoiled
14:52:57,935,625,1247,100.00,29.80,Nasi Putih,spoiled
14:53:27,943,620,1249,100.00,29.80,Nasi Putih,spoiled
14:53:57,933,624,1248,100.00,29.80,Nasi Putih,spoiled
14:54:27,939,625,1246,100.00,29.80,Nasi Putih,spoiled
14:54:57,940,624,1243,100.00,29.80,Nasi Putih,spoiled
14:55:27,942,621,1248,100.00,29.80,Nasi Putih,spoiled
14:55:57,937,620,1248,100.00,29.80,Nasi Putih,spoiled
03:49:47,935,620,1248,100.00,29.80,Nasi Putih,fresh
14:56:57,934,615,1243,100.00,29.80,Nasi Putih,spoiled
14:57:27,935,615,1243,100.00,29.80,Nasi Putih,spoiled
14:57:57,941,624,1254,100.00,29.80,Nasi Putih,spoiled
01:50:07,939,615,1246,100.00,29.80,Nasi Putih,fresh
14:58:57,939,621,1247,100.00,29.80,Nasi Putih,spoiled
14:59:27,935,620,1245,100.00,29.80,Nasi Putih,spoiled
14:59:57,931,614,1242,100.00,29.80,Nasi Putih,spoiled
15:00:27,940,619,1249,100.00,29.80,Nasi Putih,spoiled
15:00:57,937,616,1251,100.00,29.80,Nasi Putih,spoiled
15:01:27,944,622,1250,100.00,29.80,Nasi Putih,spoiled
15:01:57,935,619,1253,100.00,29.80,Nasi Putih,spoiled
15:02:27,938,620,1255,100.00,29.80,Nasi Putih,spoiled
15:02:57,939,618,1246,100.00,29.80,Nasi Putih,spoiled
02:00:07,935,617,1247,100.00,29.80,Nasi Putih,fresh
15:03:57,932,623,1247,100.00,29.80,Nasi Putih,spoiled
15:04:27,933,606,1241,100.00,29.80,Nasi Putih,spoiled
15:04:57,941,620,1246,100.00,29.80,Nasi Putih,spoiled
15:05:27,938,628,1251,100.00,29.80,Nasi Putih,spoiled
15:05:57,933,621,1248,100.00,29.80,Nasi Putih,spoiled
15:06:27,939,619,1247,100.00,29.80,Nasi Putih,spoiled
15:06:57,931,614,1237,100.00,29.80,Nasi Putih,spoiled
15:07:27,928,622,1246,100.00,29.80,Nasi Putih,spoiled
15:07:57,929,616,1246,100.00,29.80,Nasi Putih,spoiled
15:08:27,932,617,1232,100.00,29.80,Nasi Putih,spoiled
15:08:57,921,605,1239,100.00,29.80,Nasi Putih,spoiled
15:09:27,921,605,1230,100.00,29.80,Nasi Putih,spoiled
15:09:57,919,608,1241,100.00,29.80,Nasi Putih,spoiled
15:10:27,907,603,1232,100.00,29.80,Nasi Putih,spoiled
15:10:57,921,601,1243,100.00,29.80,Nasi Putih,spoiled
15:11:27,916,597,1232,100.00,29.80,Nasi Putih,spoiled
15:11:57,921,606,1232,100.00,29.80,Nasi Putih,spoiled
15:12:27,918,605,1231,100.00,29.80,Nasi Putih,spoiled
15:12:57,915,599,1231,100.00,29.80,Nasi Putih,spoiled
15:13:27,919,606,1231,100.00,29.80,Nasi Putih,spoiled
15:13:57,915,605,1209,100.00,29.80,Nasi Putih,spoiled
15:14:27,917,602,1216,100.00,29.80,Nasi Putih,spoiled
15:14:57,919,603,1226,100.00,29.80,Nasi Putih,spoiled
15:15:27,917,598,1227,100.00,29.80,Nasi Putih,spoiled
01:50:00,914,599,1227,100.00,29.80,Nasi Putih,fresh
15:16:27,912,583,1226,100.00,29.80,Nasi Putih,spoiled
15:16:57,919,597,1219,100.00,29.80,Nasi Putih,spoiled
15:17:27,912,595,1223,100.00,29.80,Nasi Putih,spoiled
15:17:57,912,598,1227,100.00,29.80,Nasi Putih,spoiled
15:18:27,912,598,1232,100.00,29.80,Nasi Putih,spoiled
01:58:57,897,598,1221,100.00,29.80,Nasi Putih,fresh
15:19:27,911,594,1217,100.00,29.80,Nasi Putih,spoiled
15:19:57,911,599,1221,100.00,29.80,Nasi Putih,spoiled
15:20:27,901,594,1216,100.00,29.80,Nasi Putih,spoiled
15:20:57,912,593,1223,100.00,29.80,Nasi Putih,spoiled
15:21:27,909,594,1209,100.00,29.80,Nasi Putih,spoiled
01:50:07,913,595,1219,100.00,29.80,Nasi Putih,fresh
04:15:47,908,598,1219,100.00,29.80,Nasi Putih,fresh
15:22:57,902,595,1218,100.00,29.80,Nasi Putih,spoiled
15:23:27,912,556,1217,100.00,29.80,Nasi Putih,spoiled
15:23:57,911,601,1215,100.00,29.80,Nasi Putih,spoiled
15:24:27,908,596,1217,100.00,29.80,Nasi Putih,spoiled
15:24:57,906,593,1203,100.00,29.80,Nasi Putih,spoiled
15:25:27,907,593,1215,100.00,29.80,Nasi Putih,spoiled
15:25:57,930,598,1206,100.00,29.80,Nasi Putih,spoiled
15:26:27,906,593,1215,100.00,29.80,Nasi Putih,spoiled
04:20:17,903,591,1210,100.00,29.80,Nasi Putih,fresh
15:27:27,907,591,1211,100.00,29.80,Nasi Putih,spoiled
15:27:57,901,590,1211,100.00,29.80,Nasi Putih,spoiled
15:28:27,903,587,1213,100.00,29.80,Nasi Putih,spoiled
15:28:57,903,590,1211,100.00,29.80,Nasi Putih,spoiled
15:29:27,898,592,1200,100.00,29.80,Nasi Putih,spoiled
15:29:57,898,589,1216,100.00,29.80,Nasi Putih,spoiled
15:30:27,905,593,1207,100.00,29.80,Nasi Putih,spoiled
15:30:57,901,585,1215,100.00,29.80,Nasi Putih,spoiled
15:31:27,902,588,1207,100.00,29.80,Nasi Putih,spoiled
15:31:57,902,590,1206,100.00,29.80,Nasi Putih,spoiled
01:50:47,896,590,1205,100.00,29.80,Nasi Putih,fresh
15:32:57,911,588,1206,100.00,29.80,Nasi Putih,spoiled
15:33:27,902,584,1211,100.00,29.80,Nasi Putih,spoiled
15:33:57,902,584,1203,100.00,29.80,Nasi Putih,spoiled
15:34:27,897,586,1214,100.00,29.80,Nasi Putih,spoiled
01:58:17,901,591,1214,100.00,29.80,Nasi Putih,fresh
15:35:27,900,589,1207,100.00,29.80,Nasi Putih,spoiled
15:35:57,901,586,1204,100.00,29.80,Nasi Putih,spoiled
15:36:27,897,587,1205,100.00,29.80,Nasi Putih,spoiled
15:36:57,908,580,1205,100.00,29.80,Nasi Putih,spoiled
15:37:27,897,590,1214,100.00,29.80,Nasi Putih,spoiled
15:37:57,894,596,1211,100.00,29.80,Nasi Putih,spoiled
15:38:27,899,589,1214,100.00,29.80,Nasi Putih,spoiled
15:38:57,901,586,1205,100.00,29.80,Nasi Putih,spoiled
15:39:27,915,587,1202,100.00,29.80,Nasi Putih,spoiled
15:39:57,901,589,1209,100.00,29.80,Nasi Putih,spoiled
15:40:27,899,582,1206,100.00,29.80,Nasi Putih,spoiled
15:40:57,897,588,1206,100.00,29.80,Nasi Putih,spoiled
15:41:27,897,581,1207,100.00,29.80,Nasi Putih,spoiled
15:41:57,875,576,1201,100.00,29.80,Nasi Putih,spoiled
15:42:27,897,583,1200,100.00,29.80,Nasi Putih,spoiled
15:42:57,898,582,1205,100.00,29.80,Nasi Putih,spoiled
15:43:27,898,578,1206,100.00,29.80,Nasi Putih,spoiled
15:43:57,897,581,1203,100.00,29.80,Nasi Putih,spoiled
15:44:27,899,579,1203,100.00,29.80,Nasi Putih,spoiled
15:44:57,899,582,1205,100.00,29.80,Nasi Putih,spoiled
15:45:27,899,585,1204,100.00,29.80,Nasi Putih,spoiled
15:45:57,899,581,1200,100.00,29.80,Nasi Putih,spoiled
15:46:27,899,579,1214,100.00,29.80,Nasi Putih,spoiled
15:46:57,897,581,1200,100.00,29.80,Nasi Putih,spoiled
15:47:27,895,587,1211,100.00,29.80,Nasi Putih,spoiled
15:47:57,901,576,1205,100.00,29.80,Nasi Putih,spoiled
15:48:27,896,587,1203,100.00,29.80,Nasi Putih,spoiled
15:48:57,901,584,1204,100.00,29.80,Nasi Putih,spoiled
15:49:27,900,582,1207,100.00,29.80,Nasi Putih,spoiled
15:49:57,901,579,1209,100.00,29.80,Nasi Putih,spoiled
15:50:27,899,576,1205,100.00,29.80,Nasi Putih,spoiled
15:50:57,899,576,1205,100.00,29.80,Nasi Putih,spoiled
15:51:27,895,576,1201,100.00,29.80,Nasi Putih,spoiled
15:51:57,895,585,1201,100.00,29.80,Nasi Putih,spoiled
15:52:27,899,582,1205,100.00,29.80,Nasi Putih,spoiled
15:52:57,901,580,1201,100.00,29.80,Nasi Putih,spoiled
15:53:27,896,577,1205,100.00,29.80,Nasi Putih,spoiled
15:53:57,895,577,1203,100.00,29.80,Nasi Putih,spoiled
15:54:27,897,579,1205,100.00,29.80,Nasi Putih,spoiled
15:54:57,897,582,1204,100.00,29.80,Nasi Putih,spoiled
15:55:27,895,577,1203,100.00,29.80,Nasi Putih,spoiled
15:55:57,902,578,1201,100.00,29.80,Nasi Putih,spoiled
15:56:27,896,563,1207,100.00,29.80,Nasi Putih,spoiled
15:56:57,900,583,1201,100.00,29.80,Nasi Putih,spoiled
02:04:07,902,576,1200,100.00,29.80,Nasi Putih,fresh
15:57:57,899,580,1203,100.00,29.80,Nasi Putih,spoiled
15:58:27,898,576,1210,100.00,29.80,Nasi Putih,spoiled
15:58:57,896,581,1205,100.00,29.80,Nasi Putih,spoiled
15:59:27,870,578,1202,100.00,29.80,Nasi Putih,spoiled
15:59:57,894,582,1204,100.00,29.80,Nasi Putih,spoiled
